Workbook

Sheet Read me
A1: Corner board — the next 7 days
A3: Window | B3: 2026-10-01 to 2026-10-08 inclusive (kick-off dates, 77 fixtures)
A4: Built from | B4: corner-model-export.md — the site's own full data export
A5: Export generated | B5: 2026-10-01 09:57 UTC
A6: Model dispersion (NB r) | B6: 11 | C6: ← the model's own dispersion parameter (server.py NB_R). Every team-line price on every sheet reads this cell.
A7: Bet at EV of | B7: 0.05 | C7: ← BET above this edge, 'thin' between 0 and here, 'no bet' below 0.
A10: THIS WEEK IS AN INTERNATIONAL BREAK
B11: 77 fixtures fall in the window and the big European leagues are not among them: the Premier League, Bundesliga, La Liga and Serie A all resume on 9-11 October. What is here is Brazil (Série A and B), Argentina, the English League One and Two, the Dutch Eerste Divisie, Norway's 1. divisjon and two MLS games. The boards are thin because the calendar is thin, not because the model went quiet.
A13: THE FOUR BOARDS
A14: Streaks | B14: A team keeps clearing — or keeps staying under — the same line. A run and nothing about the opponent. Three types in one sheet: team over, team under, match total under. Filter the Type column.
A15: Mismatches | B15: This attack against THIS defence. About the fixture rather than the form: a side winning more corners than its league average drawn against one conceding more than its league average.
A16: Chase board | B16: This team at this venue against that defence at theirs, ordered by the backend's own chase score. A filter, not a ranking — see below.
A17: Perfect games | B17: Where a run and a favourable matchup point at the same fixture. The shortlist, not a verdict.
A19: HOW TO USE IT
B20: Type the bookmaker's decimal odds into the yellow Book column. Probability, fair odds, EV and the verdict are formulas — they fill themselves in, and they re-price if you edit a lambda.
B21: YELLOW is yours to type in. BLUE is a figure from the export — the model's, not the market's. Black is a formula and does not need touching.
B22: Check the market actually offers that line at that price before backing it. The lines here are the model's, not a bookmaker's.
A24: WHAT THE COLUMNS MEAN
A25: Bet | B25: The claim being priced. '6+ team corners' is that team's own corners; 'under 9 match corners' is the whole game. The same two characters mean different bets.
A26: λ (lambda) | B26: The model's expected corner count for that team (or the match) in that fixture, taken from the export's upcoming-fixtures list. Every price on the row comes from it, and every sheet prices the same game off the same number. The mismatch board in the export carries a lambda of its own, built from the two venue averages alone; where the two differ it is by about a tenth of a corner, and this workbook uses the fixture one.
A27: Avg | B27: On the Streaks sheet: the last-five average of whatever the streak is about — that team's own corners, or the match total.
A28: Prob | B28: The model's probability, computed on the row from λ: Negative Binomial for a team line, Poisson for a match total — the same two distributions the backend prices with.
A29: Void | B29: An under on a whole line pushes when the count lands exactly on it. Fair price is taken over settled outcomes only, and EV credits the stake back on a void. An over cannot push, so this is zero there.
A30: Fair | B30: The model's price. Beat it and there is an edge; that is all EV measures.
A31: Run / L5 | B31: Run is how many games the streak is currently at. L5 is how many of the last five cleared the line — a success rate on the exact thing claimed.
A32: Chase score | B32: λ × (0.6 + 0.4 × consistency), the backend's own formula.
A34: WHAT IS DERIVED HERE AND NOT THE SITE'S OWN OUTPUT
A35: Chase board | B35: The site measures consistency on the team's last five AT THE VENUE and requires four games there. The export carries venue averages but no venue-by-venue game list, so the L5 hits column counts the last five OVERALL. The venue averages, λ, the line and the score are the backend's arithmetic; that one column is a proxy.
A36: Perfect games | B36: The site also requires the opponent to have CONCEDED that line in at least five of their last ten at the relevant venue — a count, because an average hides the shape of it. The export carries only the average, shown here as 'Opp conc/g'. So this sheet is a looser shortlist than /perfect-games would return.
A37: Next fixture | B37: The boards in the export name a team and a league but not the game. Each row here was joined to that team's earliest fixture inside the window, from the export's own upcoming-fixtures list.
A39: WHAT THIS IS NOT
B40: Not a bet list. A fair price with no book price beside it is a lead to check.
B41: A long run is the weakest reading of a team on its own. measure_chase_board.py replayed four orderings of this board walk-forward and could not separate any of them from a shuffled control — so order the sheets by anything you like, but treat them as filters rather than as a ranking of confidence.
B42: Corner counts are real (API-Football). Bookmaker odds are yours to type; every model figure here is a fair value, not a market price.
B43: Dates are kick-off dates from the export, which does not carry kick-off times.
A45: Rows on each sheet
A46: Streaks | B46: 137
A47: Mismatches | B47: 10
A48: Chase board | B48: 106
A49: Perfect games | B49: 6

Sheet Streaks
A1: Date | B1: League | C1: Fixture | D1: Team | E1: Side | F1: Type | G1: Bet | H1: Run | I1: Longest | J1: L5 | K1: Avg | L1: λ | M1: Prob | N1: Void | O1: Fair | P1: Book | Q1: EV | R1: Verdict
A2: 46298 | B2: England League One | C2: Burton Albion v Huddersfield | D2: Huddersfield | E2: Away | F2: Team over | G2: 3+ team corners | H2: 19 | I2: 19 | J2: 5/5 | K2: 6.4 | L2: 4.32 | M2: =IFERROR(1-(EXP(GAMMALN(0+'Read me'!$B$6)-GAMMALN('Read me'!$B$6)-GAMMALN(0+1)+'Read me'!$B$6*LN('Read me'!$B$6/('Read me'!$B$6+L2))+0*LN(L2/('Read me'!$B$6+L2)))+EXP(GAMMALN(1+'Read me'!$B$6)-GAMMALN('Read me'!$B$6)-GAMMALN(1+1)+'Read me'!$B$6*LN('Read me'!$B$6/('Read me'!$B$6+L2))+1*LN(L2/('Read me'!$B$6+L2)))+EXP(GAMMALN(2+'Read me'!$B$6)-GAMMALN('Read me'!$B$6)-GAMMALN(2+1)+'Read me'!$B$6*LN('Read me'!$B$6/('Read me'!$B$6+L2))+2*LN(L2/('Read me'!$B$6+L2)))),"") | N2: 0 | O2: =IFERROR(1/M2,"") | Q2: =IF(P2="","",P2*M2-1) | R2: =IF(Q2="","awaiting price",IF(Q2>='Read me'!$B$7,"BET",IF(Q2>=0,"thin","no bet")))
A3: 46298 | B3: England League One | C3: Leyton Orient v Plymouth | D3: Plymouth | E3: Away | F3: Team over | G3: 3+ team corners | H3: 19 | I3: 19 | J3: 5/5 | K3: 5.4 | L3: 6.37 | M3: =IFERROR(1-(EXP(GAMMALN(0+'Read me'!$B$6)-GAMMALN('Read me'!$B$6)-GAMMALN(0+1)+'Read me'!$B$6*LN('Read me'!$B$6/('Read me'!$B$6+L3))+0*LN(L3/('Read me'!$B$6+L3)))+EXP(GAMMALN(1+'Read me'!$B$6)-GAMMALN('Read me'!$B$6)-GAMMALN(1+1)+'Read me'!$B$6*LN('Read me'!$B$6/('Read me'!$B$6+L3))+1*LN(L3/('Read me'!$B$6+L3)))+EXP(GAMMALN(2+'Read me'!$B$6)-GAMMALN('Read me'!$B$6)-GAMMALN(2+1)+'Read me'!$B$6*LN('Read me'!$B$6/('Read me'!$B$6+L3))+2*LN(L3/('Read me'!$B$6+L3)))),"") | N3: 0 | O3: =IFERROR(1/M3,"") | Q3: =IF(P3="","",P3*M3-1) | R3: =IF(Q3="","awaiting price",IF(Q3>='Read me'!$B$7,"BET",IF(Q3>=0,"thin","no bet")))
A4: 46298 | B4: England League Two | C4: Salford City v Fleetwood Town | D4: Salford City | E4: Home | F4: Team over | G4: 3+ team corners | H4: 18 | I4: 18 | J4: 5/5 | K4: 7.2 | L4: 6.03 | M4: =IFERROR(1-(EXP(GAMMALN(0+'Read me'!$B$6)-GAMMALN('Read me'!$B$6)-GAMMALN(0+1)+'Read me'!$B$6*LN('Read me'!$B$6/('Read me'!$B$6+L4))+0*LN(L4/('Read me'!$B$6+L4)))+EXP(GAMMALN(1+'Read me'!$B$6)-GAMMALN('Read me'!$B$6)-GAMMALN(1+1)+'Read me'!$B$6*LN('Read me'!$B$6/('Read me'!$B$6+L4))+1*LN(L4/('Read me'!$B$6+L4)))+EXP(GAMMALN(2+'Read me'!$B$6)-GAMMALN('Read me'!$B$6)-GAMMALN(2+1)+'Read me'!$B$6*LN('Read me'!$B$6/('Read me'!$B$6+L4))+2*LN(L4/('Read me'!$B$6+L4)))),"") | N4: 0 | O4: =IFERROR(1/M4,"") | Q4: =IF(P4="","",P4*M4-1) | R4: =IF(Q4="","awaiting price",IF(Q4>='Read me'!$B$7,"BET",IF(Q4>=0,"thin","no bet")))
A5: 46299 | B5: Argentina Liga Profesional | C5: Talleres Cordoba v Belgrano Cordoba | D5: Belgrano Cordoba | E5: Away | F5: Team under | G5: under 8 team corners | H5: 17 | I5: 17 | J5: 4/4 | K5: 6 | L5: 4.36 | M5: =IFERROR((EXP(GAMMALN(0+'Read me'!$B$6)-GAMMALN('Read me'!$B$6)-GAMMALN(0+1)+'Read me'!$B$6*LN('Read me'!$B$6/('Read me'!$B$6+L5))+0*LN(L5/('Read me'!$B$6+L5)))+EXP(GAMMALN(1+'Read me'!$B$6)-GAMMALN('Read me'!$B$6)-GAMMALN(1+1)+'Read me'!$B$6*LN('Read me'!$B$6/('Read me'!$B$6+L5))+1*LN(L5/('Read me'!$B$6+L5)))+EXP(GAMMALN(2+'Read me'!$B$6)-GAMMALN('Read me'!$B$6)-GAMMALN(2+1)+'Read me'!$B$6*LN('Read me'!$B$6/('Read me'!$B$6+L5))+2*LN(L5/('Read me'!$B$6+L5)))+EXP(GAMMALN(3+'Read me'!$B$6)-GAMMALN('Read me'!$B$6)-GAMMALN(3+1)+'Read me'!$B$6*LN('Read me'!$B$6/('Read me'!$B$6+L5))+3*LN(L5/('Read me'!$B$6+L5)))+EXP(GAMMALN(4+'Read me'!$B$6)-GAMMALN('Read me'!$B$6)-GAMMALN(4+1)+'Read me'!$B$6*LN('Read me'!$B$6/('Read me'!$B$6+L5))+4*LN(L5/('Read me'!$B$6+L5)))+EXP(GAMMALN(5+'Read me'!$B$6)-GAMMALN('Read me'!$B$6)-GAMMALN(5+1)+'Read me'!$B$6*LN('Read me'!$B$6/('Read me'!$B$6+L5))+5*LN(L5/('Read me'!$B$6+L5)))+EXP(GAMMALN(6+'Read me'!$B$6)-GAMMALN('Read me'!$B$6)-GAMMALN(6+1)+'Read me'!$B$6*LN('Read me'!$B$6/('Read me'!$B$6+L5))+6*LN(L5/('Read me'!$B$6+L5)))+EXP(GAMMALN(7+'Read me'!$B$6)-GAMMALN('Read me'!$B$6)-GAMMALN(7+1)+'Read me'!$B$6*LN('Read me'!$B$6/('Read me'!$B$6+L5))+7*LN(L5/('Read me'!$B$6+L5)))),"") | N5: =IFERROR(EXP(GAMMALN(8+'Read me'!$B$6)-GAMMALN('Read me'!$B$6)-GAMMALN(8+1)+'Read me'!$B$6*LN('Read me'!$B$6/('Read me'!$B$6+L5))+8*LN(L5/('Read me'!$B$6+L5))),"") | O5: =IFERROR((1-N5)/M5,"") | Q5: =IF(P5="","",P5*M5+N5-1) | R5: =IF(Q5="","awaiting price",IF(Q5>='Read me'!$B$7,"BET",IF(Q5>=0,"thin","no bet")))
A6: 46298 | B6: England League One | C6: Reading v Bradford | D6: Reading | E6: Home | F6: Team under | G6: under 7 team corners | H6: 16 | I6: 16 | J6: 4/4 | K6: 5 | L6: 5.04 | M6: =IFERROR((EXP(GAMMALN(0+'Read me'!$B$6)-GAMMALN('Read me'!$B$6)-GAMMALN(0+1)+'Read me'!$B$6*LN('Read me'!$B$6/('Read me'!$B$6+L6))+0*LN(L6/('Read me'!$B$6+L6)))+EXP(GAMMALN(1+'Read me'!$B$6)-GAMMALN('Read me'!$B$6)-GAMMALN(1+1)+'Read me'!$B$6*LN('Read me'!$B$6/('Read me'!$B$6+L6))+1*LN(L6/('Read me'!$B$6+L6)))+EXP(GAMMALN(2+'Read me'!$B$6)-GAMMALN('Read me'!$B$6)-GAMMALN(2+1)+'Read me'!$B$6*LN('Read me'!$B$6/('Read me'!$B$6+L6))+2*LN(L6/('Read me'!$B$6+L6)))+EXP(GAMMALN(3+'Read me'!$B$6)-GAMMALN('Read me'!$B$6)-GAMMALN(3+1)+'Read me'!$B$6*LN('Read me'!$B$6/('Read me'!$B$6+L6))+3*LN(L6/('Read me'!$B$6+L6)))+EXP(GAMMALN(4+'Read me'!$B$6)-GAMMALN('Read me'!$B$6)-GAMMALN(4+1)+'Read me'!$B$6*LN('Read me'!$B$6/('Read me'!$B$6+L6))+4*LN(L6/('Read me'!$B$6+L6)))+EXP(GAMMALN(5+'Read me'!$B$6)-GAMMALN('Read me'!$B$6)-GAMMALN(5+1)+'Read me'!$B$6*LN('Read me'!$B$6/('Read me'!$B$6+L6))+5*LN(L6/('Read me'!$B$6+L6)))+EXP(GAMMALN(6+'Read me'!$B$6)-GAMMALN('Read me'!$B$6)-GAMMALN(6+1)+'Read me'!$B$6*LN('Read me'!$B$6/('Read me'!$B$6+L6))+6*LN(L6/('Read me'!$B$6+L6)))),"") | N6: =IFERROR(EXP(GAMMALN(7+'Read me'!$B$6)-GAMMALN('Read me'!$B$6)-GAMMALN(7+1)+'Read me'!$B$6*LN('Read me'!$B$6/('Read me'!$B$6+L6))+7*LN(L6/('Read me'!$B$6+L6))),"") | O6: =IFERROR((1-N6)/M6,"") | Q6: =IF(P6="","",P6*M6+N6-1) | R6: =IF(Q6="","awaiting price",IF(Q6>='Read me'!$B$7,"BET",IF(Q6>=0,"thin","no bet")))
A7: 46302 | B7: Brazil Série A | C7: Vitoria v Chapecoense-sc | D7: Chapecoense-sc | E7: Away | F7: Team under | G7: under 7 team corners | H7: 16 | I7: 16 | J7: 3/3 | K7: 4.4 | L7: 3.07 | M7: =IFERROR((EXP(GAMMALN(0+'Read me'!$B$6)-GAMMALN('Read me'!$B$6)-GAMMALN(0+1)+'Read me'!$B$6*LN('Read me'!$B$6/('Read me'!$B$6+L7))+0*LN(L7/('Read me'!$B$6+L7)))+EXP(GAMMALN(1+'Read me'!$B$6)-GAMMALN('Read me'!$B$6)-GAMMALN(1+1)+'Read me'!$B$6*LN('Read me'!$B$6/('Read me'!$B$6+L7))+1*LN(L7/('Read me'!$B$6+L7)))+EXP(GAMMALN(2+'Read me'!$B$6)-GAMMALN('Read me'!$B$6)-GAMMALN(2+1)+'Read me'!$B$6*LN('Read me'!$B$6/('Read me'!$B$6+L7))+2*LN(L7/('Read me'!$B$6+L7)))+EXP(GAMMALN(3+'Read me'!$B$6)-GAMMALN('Read me'!$B$6)-GAMMALN(3+1)+'Read me'!$B$6*LN('Read me'!$B$6/('Read me'!$B$6+L7))+3*LN(L7/('Read me'!$B$6+L7)))+EXP(GAMMALN(4+'Read me'!$B$6)-GAMMALN('Read me'!$B$6)-GAMMALN(4+1)+'Read me'!$B$6*LN('Read me'!$B$6/('Read me'!$B$6+L7))+4*LN(L7/('Read me'!$B$6+L7)))+EXP(GAMMALN(5+'Read me'!$B$6)-GAMMALN('Read me'!$B$6)-GAMMALN(5+1)+'Read me'!$B$6*LN('Read me'!$B$6/('Read me'!$B$6+L7))+5*LN(L7/('Read me'!$B$6+L7)))+EXP(GAMMALN(6+'Read me'!$B$6)-GAMMALN('Read me'!$B$6)-GAMMALN(6+1)+'Read me'!$B$6*LN('Read me'!$B$6/('Read me'!$B$6+L7))+6*LN(L7/('Read me'!$B$6+L7)))),"") | N7: =IFERROR(EXP(GAMMALN(7+'Read me'!$B$6)-GAMMALN('Read me'!$B$6)-GAMMALN(7+1)+'Read me'!$B$6*LN('Read me'!$B$6/('Read me'!$B$6+L7))+7*LN(L7/('Read me'!$B$6+L7))),"") | O7: =IFERROR((1-N7)/M7,"") | Q7: =IF(P7="","",P7*M7+N7-1) | R7: =IF(Q7="","awaiting price",IF(Q7>='Read me'!$B$7,"BET",IF(Q7>=0,"thin","no bet")))
A8: 46299 | B8: Argentina Liga Profesional | C8: Huracan v Aldosivi | D8: Aldosivi | E8: Away | F8: Team under | G8: under 8 team corners | H8: 15 | I8: 15 | J8: 4/4 | K8: 4.8 | L8: 3.94 | M8: =IFERROR((EXP(GAMMALN(0+'Read me'!$B$6)-GAMMALN('Read me'!$B$6)-GAMMALN(0+1)+'Read me'!$B$6*LN('Read me'!$B$6/('Read me'!$B$6+L8))+0*LN(L8/('Read me'!$B$6+L8)))+EXP(GAMMALN(1+'Read me'!$B$6)-GAMMALN('Read me'!$B$6)-GAMMALN(1+1)+'Read me'!$B$6*LN('Read me'!$B$6/('Read me'!$B$6+L8))+1*LN(L8/('Read me'!$B$6+L8)))+EXP(GAMMALN(2+'Read me'!$B$6)-GAMMALN('Read me'!$B$6)-GAMMALN(2+1)+'Read me'!$B$6*LN('Read me'!$B$6/('Read me'!$B$6+L8))+2*LN(L8/('Read me'!$B$6+L8)))+EXP(GAMMALN(3+'Read me'!$B$6)-GAMMALN('Read me'!$B$6)-GAMMALN(3+1)+'Read me'!$B$6*LN('Read me'!$B$6/('Read me'!$B$6+L8))+3*LN(L8/('Read me'!$B$6+L8)))+EXP(GAMMALN(4+'Read me'!$B$6)-GAMMALN('Read me'!$B$6)-GAMMALN(4+1)+'Read me'!$B$6*LN('Read me'!$B$6/('Read me'!$B$6+L8))+4*LN(L8/('Read me'!$B$6+L8)))+EXP(GAMMALN(5+'Read me'!$B$6)-GAMMALN('Read me'!$B$6)-GAMMALN(5+1)+'Read me'!$B$6*LN('Read me'!$B$6/('Read me'!$B$6+L8))+5*LN(L8/('Read me'!$B$6+L8)))+EXP(GAMMALN(6+'Read me'!$B$6)-GAMMALN('Read me'!$B$6)-GAMMALN(6+1)+'Read me'!$B$6*LN('Read me'!$B$6/('Read me'!$B$6+L8))+6*LN(L8/('Read me'!$B$6+L8)))+EXP(GAMMALN(7+'Read me'!$B$6)-GAMMALN('Read me'!$B$6)-GAMMALN(7+1)+'Read me'!$B$6*LN('Read me'!$B$6/('Read me'!$B$6+L8))+7*LN(L8/('Read me'!$B$6+L8)))),"") | N8: =IFERROR(EXP(GAMMALN(8+'Read me'!$B$6)-GAMMALN('Read me'!$B$6)-GAMMALN(8+1)+'Read me'!$B$6*LN('Read me'!$B$6/('Read me'!$B$6+L8))+8*LN(L8/('Read me'!$B$6+L8))),"") | O8: =IFERROR((1-N8)/M8,"") | Q8: =IF(P8="","",P8*M8+N8-1) | R8: =IF(Q8="","awaiting price",IF(Q8>='Read me'!$B$7,"BET",IF(Q8>=0,"thin","no bet")))
A9: 46300 | B9: Argentina Liga Profesional | C9: Estudiantes L.P. v Gimnasia M. | D9: Estudiantes L.P. | E9: Home | F9: Team under | G9: under 8 team corners | H9: 15 | I9: 15 | J9: 4/4 | K9: 4.4 | L9: 4.77 | M9: =IFERROR((EXP(GAMMALN(0+'Read me'!$B$6)-GAMMALN('Read me'!$B$6)-GAMMALN(0+1)+'Read me'!$B$6*LN('Read me'!$B$6/('Read me'!$B$6+L9))+0*LN(L9/('Read me'!$B$6+L9)))+EXP(GAMMALN(1+'Read me'!$B$6)-GAMMALN('Read me'!$B$6)-GAMMALN(1+1)+'Read me'!$B$6*LN('Read me'!$B$6/('Read me'!$B$6+L9))+1*LN(L9/('Read me'!$B$6+L9)))+EXP(GAMMALN(2+'Read me'!$B$6)-GAMMALN('Read me'!$B$6)-GAMMALN(2+1)+'Read me'!$B$6*LN('Read me'!$B$6/('Read me'!$B$6+L9))+2*LN(L9/('Read me'!$B$6+L9)))+EXP(GAMMALN(3+'Read me'!$B$6)-GAMMALN('Read me'!$B$6)-GAMMALN(3+1)+'Read me'!$B$6*LN('Read me'!$B$6/('Read me'!$B$6+L9))+3*LN(L9/('Read me'!$B$6+L9)))+EXP(GAMMALN(4+'Read me'!$B$6)-GAMMALN('Read me'!$B$6)-GAMMALN(4+1)+'Read me'!$B$6*LN('Read me'!$B$6/('Read me'!$B$6+L9))+4*LN(L9/('Read me'!$B$6+L9)))+EXP(GAMMALN(5+'Read me'!$B$6)-GAMMALN('Read me'!$B$6)-GAMMALN(5+1)+'Read me'!$B$6*LN('Read me'!$B$6/('Read me'!$B$6+L9))+5*LN(L9/('Read me'!$B$6+L9)))+EXP(GAMMALN(6+'Read me'!$B$6)-GAMMALN('Read me'!$B$6)-GAMMALN(6+1)+'Read me'!$B$6*LN('Read me'!$B$6/('Read me'!$B$6+L9))+6*LN(L9/('Read me'!$B$6+L9)))+EXP(GAMMALN(7+'Read me'!$B$6)-GAMMALN('Read me'!$B$6)-GAMMALN(7+1)+'Read me'!$B$6*LN('Read me'!$B$6/('Read me'!$B$6+L9))+7*LN(L9/('Read me'!$B$6+L9)))),"") | N9: =IFERROR(EXP(GAMMALN(8+'Read me'!$B$6)-GAMMALN('Read me'!$B$6)-GAMMALN(8+1)+'Read me'!$B$6*LN('Read me'!$B$6/('Read me'!$B$6+L9))+8*LN(L9/('Read me'!$B$6+L9))),"") | O9: =IFERROR((1-N9)/M9,"") | Q9: =IF(P9="","",P9*M9+N9-1) | R9: =IF(Q9="","awaiting price",IF(Q9>='Read me'!$B$7,"BET",IF(Q9>=0,"thin","no bet")))
A10: 46297 | B10: Brazil Série B | C10: Londrina v Criciuma | D10: Criciuma | E10: Away | F10: Team over | G10: 4+ team corners | H10: 14 | I10: 14 | J10: 5/5 | K10: 8.2 | L10: 5.81 | M10: =IFERROR(1-(EXP(GAMMALN(0+'Read me'!$B$6)-GAMMALN('Read me'!$B$6)-GAMMALN(0+1)+'Read me'!$B$6*LN('Read me'!$B$6/('Read me'!$B$6+L10))+0*LN(L10/('Read me'!$B$6+L10)))+EXP(GAMMALN(1+'Read me'!$B$6)-GAMMALN('Read me'!$B$6)-GAMMALN(1+1)+'Read me'!$B$6*LN('Read me'!$B$6/('Read me'!$B$6+L10))+1*LN(L10/('Read me'!$B$6+L10)))+EXP(GAMMALN(2+'Read me'!$B$6)-GAMMALN('Read me'!$B$6)-GAMMALN(2+1)+'Read me'!$B$6*LN('Read me'!$B$6/('Read me'!$B$6+L10))+2*LN(L10/('Read me'!$B$6+L10)))+EXP(GAMMALN(3+'Read me'!$B$6)-GAMMALN('Read me'!$B$6)-GAMMALN(3+1)+'Read me'!$B$6*LN('Read me'!$B$6/('Read me'!$B$6+L10))+3*LN(L10/('Read me'!$B$6+L10)))),"") | N10: 0 | O10: =IFERROR(1/M10,"") | Q10: =IF(P10="","",P10*M10-1) | R10: =IF(Q10="","awaiting price",IF(Q10>='Read me'!$B$7,"BET",IF(Q10>=0,"thin","no bet")))
A11: 46298 | B11: England League Two | C11: Grimsby v Shrewsbury | D11: Grimsby | E11: Home | F11: Team over | G11: 3+ team corners | H11: 14 | I11: 14 | J11: 5/5 | K11: 7 | L11: 5.87 | M11: =IFERROR(1-(EXP(GAMMALN(0+'Read me'!$B$6)-GAMMALN('Read me'!$B$6)-GAMMALN(0+1)+'Read me'!$B$6*LN('Read me'!$B$6/('Read me'!$B$6+L11))+0*LN(L11/('Read me'!$B$6+L11)))+EXP(GAMMALN(1+'Read me'!$B$6)-GAMMALN('Read me'!$B$6)-GAMMALN(1+1)+'Read me'!$B$6*LN('Read me'!$B$6/('Read me'!$B$6+L11))+1*LN(L11/('Read me'!$B$6+L11)))+EXP(GAMMALN(2+'Read me'!$B$6)-GAMMALN('Read me'!$B$6)-GAMMALN(2+1)+'Read me'!$B$6*LN('Read me'!$B$6/('Read me'!$B$6+L11))+2*LN(L11/('Read me'!$B$6+L11)))),"") | N11: 0 | O11: =IFERROR(1/M11,"") | Q11: =IF(P11="","",P11*M11-1) | R11: =IF(Q11="","awaiting price",IF(Q11>='Read me'!$B$7,"BET",IF(Q11>=0,"thin","no bet")))
A12: 46298 | B12: Argentina Liga Profesional | C12: Atletico Tucuman v Barracas Central | D12: Barracas Central | E12: Away | F12: Team under | G12: under 7 team corners | H12: 14 | I12: 14 | J12: 4/4 | K12: 5 | L12: 3.34 | M12: =IFERROR((EXP(GAMMALN(0+'Read me'!$B$6)-GAMMALN('Read me'!$B$6)-GAMMALN(0+1)+'Read me'!$B$6*LN('Read me'!$B$6/('Read me'!$B$6+L12))+0*LN(L12/('Read me'!$B$6+L12)))+EXP(GAMMALN(1+'Read me'!$B$6)-GAMMALN('Read me'!$B$6)-GAMMALN(1+1)+'Read me'!$B$6*LN('Read me'!$B$6/('Read me'!$B$6+L12))+1*LN(L12/('Read me'!$B$6+L12)))+EXP(GAMMALN(2+'Read me'!$B$6)-GAMMALN('Read me'!$B$6)-GAMMALN(2+1)+'Read me'!$B$6*LN('Read me'!$B$6/('Read me'!$B$6+L12))+2*LN(L12/('Read me'!$B$6+L12)))+EXP(GAMMALN(3+'Read me'!$B$6)-GAMMALN('Read me'!$B$6)-GAMMALN(3+1)+'Read me'!$B$6*LN('Read me'!$B$6/('Read me'!$B$6+L12))+3*LN(L12/('Read me'!$B$6+L12)))+EXP(GAMMALN(4+'Read me'!$B$6)-GAMMALN('Read me'!$B$6)-GAMMALN(4+1)+'Read me'!$B$6*LN('Read me'!$B$6/('Read me'!$B$6+L12))+4*LN(L12/('Read me'!$B$6+L12)))+EXP(GAMMALN(5+'Read me'!$B$6)-GAMMALN('Read me'!$B$6)-GAMMALN(5+1)+'Read me'!$B$6*LN('Read me'!$B$6/('Read me'!$B$6+L12))+5*LN(L12/('Read me'!$B$6+L12)))+EXP(GAMMALN(6+'Read me'!$B$6)-GAMMALN('Read me'!$B$6)-GAMMALN(6+1)+'Read me'!$B$6*LN('Read me'!$B$6/('Read me'!$B$6+L12))+6*LN(L12/('Read me'!$B$6+L12)))),"") | N12: =IFERROR(EXP(GAMMALN(7+'Read me'!$B$6)-GAMMALN('Read me'!$B$6)-GAMMALN(7+1)+'Read me'!$B$6*LN('Read me'!$B$6/('Read me'!$B$6+L12))+7*LN(L12/('Read me'!$B$6+L12))),"") | O12: =IFERROR((1-N12)/M12,"") | Q12: =IF(P12="","",P12*M12+N12-1) | R12: =IF(Q12="","awaiting price",IF(Q12>='Read me'!$B$7,"BET",IF(Q12>=0,"thin","no bet")))
A13: 46298 | B13: Argentina Liga Profesional | C13: Atletico Tucuman v Barracas Central | D13: Barracas Central | E13: Away | F13: Match under | G13: under 12 match corners | H13: 14 | I13: 14 | J13: 4/4 | K13: 8.4 | L13: 7.56 | M13: =IFERROR(POISSON(12-1,L13,TRUE),"") | N13: =IFERROR(POISSON(12,L13,FALSE),"") | O13: =IFERROR((1-N13)/M13,"") | Q13: =IF(P13="","",P13*M13+N13-1) | R13: =IF(Q13="","awaiting price",IF(Q13>='Read me'!$B$7,"BET",IF(Q13>=0,"thin","no bet")))
A14: 46297 | B14: Brazil Série B | C14: Novorizontino v Goias | D14: Novorizontino | E14: Home | F14: Team over | G14: 4+ team corners | H14: 13 | I14: 13 | J14: 5/5 | K14: 8 | L14: 7.32 | M14: =IFERROR(1-(EXP(GAMMALN(0+'Read me'!$B$6)-GAMMALN('Read me'!$B$6)-GAMMALN(0+1)+'Read me'!$B$6*LN('Read me'!$B$6/('Read me'!$B$6+L14))+0*LN(L14/('Read me'!$B$6+L14)))+EXP(GAMMALN(1+'Read me'!$B$6)-GAMMALN('Read me'!$B$6)-GAMMALN(1+1)+'Read me'!$B$6*LN('Read me'!$B$6/('Read me'!$B$6+L14))+1*LN(L14/('Read me'!$B$6+L14)))+EXP(GAMMALN(2+'Read me'!$B$6)-GAMMALN('Read me'!$B$6)-GAMMALN(2+1)+'Read me'!$B$6*LN('Read me'!$B$6/('Read me'!$B$6+L14))+2*LN(L14/('Read me'!$B$6+L14)))+EXP(GAMMALN(3+'Read me'!$B$6)-GAMMALN('Read me'!$B$6)-GAMMALN(3+1)+'Read me'!$B$6*LN('Read me'!$B$6/('Read me'!$B$6+L14))+3*LN(L14/('Read me'!$B$6+L14)))),"") | N14: 0 | O14: =IFERROR(1/M14,"") | Q14: =IF(P14="","",P14*M14-1) | R14: =IF(Q14="","awaiting price",IF(Q14>='Read me'!$B$7,"BET",IF(Q14>=0,"thin","no bet")))
A15: 46298 | B15: England League One | C15: Reading v Bradford | D15: Bradford | E15: Away | F15: Team over | G15: 3+ team corners | H15: 13 | I15: 13 | J15: 5/5 | K15: 5.8 | L15: 5.2 | M15: =IFERROR(1-(EXP(GAMMALN(0+'Read me'!$B$6)-GAMMALN('Read me'!$B$6)-GAMMALN(0+1)+'Read me'!$B$6*LN('Read me'!$B$6/('Read me'!$B$6+L15))+0*LN(L15/('Read me'!$B$6+L15)))+EXP(GAMMALN(1+'Read me'!$B$6)-GAMMALN('Read me'!$B$6)-GAMMALN(1+1)+'Read me'!$B$6*LN('Read me'!$B$6/('Read me'!$B$6+L15))+1*LN(L15/('Read me'!$B$6+L15)))+EXP(GAMMALN(2+'Read me'!$B$6)-GAMMALN('Read me'!$B$6)-GAMMALN(2+1)+'Read me'!$B$6*LN('Read me'!$B$6/('Read me'!$B$6+L15))+2*LN(L15/('Read me'!$B$6+L15)))),"") | N15: 0 | O15: =IFERROR(1/M15,"") | Q15: =IF(P15="","",P15*M15-1) | R15: =IF(Q15="","awaiting price",IF(Q15>='Read me'!$B$7,"BET",IF(Q15>=0,"thin","no bet")))
A16: 46298 | B16: Netherlands Eerste Divisie | C16: Almere City FC v FC Volendam | D16: Almere City FC | E16: Home | F16: Team over | G16: 3+ team corners | H16: 13 | I16: 13 | J16: 5/5 | K16: 5.2 | L16: 5.63 | M16: =IFERROR(1-(EXP(GAMMALN(0+'Read me'!$B$6)-GAMMALN('Read me'!$B$6)-GAMMALN(0+1)+'Read me'!$B$6*LN('Read me'!$B$6/('Read me'!$B$6+L16))+0*LN(L16/('Read me'!$B$6+L16)))+EXP(GAMMALN(1+'Read me'!$B$6)-GAMMALN('Read me'!$B$6)-GAMMALN(1+1)+'Read me'!$B$6*LN('Read me'!$B$6/('Read me'!$B$6+L16))+1*LN(L16/('Read me'!$B$6+L16)))+EXP(GAMMALN(2+'Read me'!$B$6)-GAMMALN('Read me'!$B$6)-GAMMALN(2+1)+'Read me'!$B$6*LN('Read me'!$B$6/('Read me'!$B$6+L16))+2*LN(L16/('Read me'!$B$6+L16)))),"") | N16: 0 | O16: =IFERROR(1/M16,"") | Q16: =IF(P16="","",P16*M16-1) | R16: =IF(Q16="","awaiting price",IF(Q16>='Read me'!$B$7,"BET",IF(Q16>=0,"thin","no bet")))
A17: 46298 | B17: Argentina Liga Profesional | C17: Newells Old Boys v Lanus | D17: Newells Old Boys | E17: Home | F17: Team under | G17: under 8 team corners | H17: 13 | I17: 13 | J17: 4/4 | K17: 3.4 | L17: 5.32 | M17: =IFERROR((EXP(GAMMALN(0+'Read me'!$B$6)-GAMMALN('Read me'!$B$6)-GAMMALN(0+1)+'Read me'!$B$6*LN('Read me'!$B$6/('Read me'!$B$6+L17))+0*LN(L17/('Read me'!$B$6+L17)))+EXP(GAMMALN(1+'Read me'!$B$6)-GAMMALN('Read me'!$B$6)-GAMMALN(1+1)+'Read me'!$B$6*LN('Read me'!$B$6/('Read me'!$B$6+L17))+1*LN(L17/('Read me'!$B$6+L17)))+EXP(GAMMALN(2+'Read me'!$B$6)-GAMMALN('Read me'!$B$6)-GAMMALN(2+1)+'Read me'!$B$6*LN('Read me'!$B$6/('Read me'!$B$6+L17))+2*LN(L17/('Read me'!$B$6+L17)))+EXP(GAMMALN(3+'Read me'!$B$6)-GAMMALN('Read me'!$B$6)-GAMMALN(3+1)+'Read me'!$B$6*LN('Read me'!$B$6/('Read me'!$B$6+L17))+3*LN(L17/('Read me'!$B$6+L17)))+EXP(GAMMALN(4+'Read me'!$B$6)-GAMMALN('Read me'!$B$6)-GAMMALN(4+1)+'Read me'!$B$6*LN('Read me'!$B$6/('Read me'!$B$6+L17))+4*LN(L17/('Read me'!$B$6+L17)))+EXP(GAMMALN(5+'Read me'!$B$6)-GAMMALN('Read me'!$B$6)-GAMMALN(5+1)+'Read me'!$B$6*LN('Read me'!$B$6/('Read me'!$B$6+L17))+5*LN(L17/('Read me'!$B$6+L17)))+EXP(GAMMALN(6+'Read me'!$B$6)-GAMMALN('Read me'!$B$6)-GAMMALN(6+1)+'Read me'!$B$6*LN('Read me'!$B$6/('Read me'!$B$6+L17))+6*LN(L17/('Read me'!$B$6+L17)))+EXP(GAMMALN(7+'Read me'!$B$6)-GAMMALN('Read me'!$B$6)-GAMMALN(7+1)+'Read me'!$B$6*LN('Read me'!$B$6/('Read me'!$B$6+L17))+7*LN(L17/('Read me'!$B$6+L17)))),"") | N17: =IFERROR(EXP(GAMMALN(8+'Read me'!$B$6)-GAMMALN('Read me'!$B$6)-GAMMALN(8+1)+'Read me'!$B$6*LN('Read me'!$B$6/('Read me'!$B$6+L17))+8*LN(L17/('Read me'!$B$6+L17))),"") | O17: =IFERROR((1-N17)/M17,"") | Q17: =IF(P17="","",P17*M17+N17-1) | R17: =IF(Q17="","awaiting price",IF(Q17>='Read me'!$B$7,"BET",IF(Q17>=0,"thin","no bet")))
A18: 46298 | B18: England League Two | C18: Walsall v Crawley Town | D18: Crawley Town | E18: Away | F18: Team under | G18: under 8 team corners | H18: 13 | I18: 13 | J18: 4/4 | K18: 4.8 | L18: 4.34 | M18: =IFERROR((EXP(GAMMALN(0+'Read me'!$B$6)-GAMMALN('Read me'!$B$6)-GAMMALN(0+1)+'Read me'!$B$6*LN('Read me'!$B$6/('Read me'!$B$6+L18))+0*LN(L18/('Read me'!$B$6+L18)))+EXP(GAMMALN(1+'Read me'!$B$6)-GAMMALN('Read me'!$B$6)-GAMMALN(1+1)+'Read me'!$B$6*LN('Read me'!$B$6/('Read me'!$B$6+L18))+1*LN(L18/('Read me'!$B$6+L18)))+EXP(GAMMALN(2+'Read me'!$B$6)-GAMMALN('Read me'!$B$6)-GAMMALN(2+1)+'Read me'!$B$6*LN('Read me'!$B$6/('Read me'!$B$6+L18))+2*LN(L18/('Read me'!$B$6+L18)))+EXP(GAMMALN(3+'Read me'!$B$6)-GAMMALN('Read me'!$B$6)-GAMMALN(3+1)+'Read me'!$B$6*LN('Read me'!$B$6/('Read me'!$B$6+L18))+3*LN(L18/('Read me'!$B$6+L18)))+EXP(GAMMALN(4+'Read me'!$B$6)-GAMMALN('Read me'!$B$6)-GAMMALN(4+1)+'Read me'!$B$6*LN('Read me'!$B$6/('Read me'!$B$6+L18))+4*LN(L18/('Read me'!$B$6+L18)))+EXP(GAMMALN(5+'Read me'!$B$6)-GAMMALN('Read me'!$B$6)-GAMMALN(5+1)+'Read me'!$B$6*LN('Read me'!$B$6/('Read me'!$B$6+L18))+5*LN(L18/('Read me'!$B$6+L18)))+EXP(GAMMALN(6+'Read me'!$B$6)-GAMMALN('Read me'!$B$6)-GAMMALN(6+1)+'Read me'!$B$6*LN('Read me'!$B$6/('Read me'!$B$6+L18))+6*LN(L18/('Read me'!$B$6+L18)))+EXP(GAMMALN(7+'Read me'!$B$6)-GAMMALN('Read me'!$B$6)-GAMMALN(7+1)+'Read me'!$B$6*LN('Read me'!$B$6/('Read me'!$B$6+L18))+7*LN(L18/('Read me'!$B$6+L18)))),"") | N18: =IFERROR(EXP(GAMMALN(8+'Read me'!$B$6)-GAMMALN('Read me'!$B$6)-GAMMALN(8+1)+'Read me'!$B$6*LN('Read me'!$B$6/('Read me'!$B$6+L18))+8*LN(L18/('Read me'!$B$6+L18))),"") | O18: =IFERROR((1-N18)/M18,"") | Q18: =IF(P18="","",P18*M18+N18-1) | R18: =IF(Q18="","awaiting price",IF(Q18>='Read me'!$B$7,"BET",IF(Q18>=0,"thin","no bet")))
A19: 46300 | B19: Argentina Liga Profesional | C19: Estudiantes de Rio Cuarto v Racing Club | D19: Racing Club | E19: Away | F19: Team under | G19: under 7 team corners | H19: 13 | I19: 13 | J19: 4/4 | K19: 4.2 | L19: 3.88 | M19: =IFERROR((EXP(GAMMALN(0+'Read me'!$B$6)-GAMMALN('Read me'!$B$6)-GAMMALN(0+1)+'Read me'!$B$6*LN('Read me'!$B$6/('Read me'!$B$6+L19))+0*LN(L19/('Read me'!$B$6+L19)))+EXP(GAMMALN(1+'Read me'!$B$6)-GAMMALN('Read me'!$B$6)-GAMMALN(1+1)+'Read me'!$B$6*LN('Read me'!$B$6/('Read me'!$B$6+L19))+1*LN(L19/('Read me'!$B$6+L19)))+EXP(GAMMALN(2+'Read me'!$B$6)-GAMMALN('Read me'!$B$6)-GAMMALN(2+1)+'Read me'!$B$6*LN('Read me'!$B$6/('Read me'!$B$6+L19))+2*LN(L19/('Read me'!$B$6+L19)))+EXP(GAMMALN(3+'Read me'!$B$6)-GAMMALN('Read me'!$B$6)-GAMMALN(3+1)+'Read me'!$B$6*LN('Read me'!$B$6/('Read me'!$B$6+L19))+3*LN(L19/('Read me'!$B$6+L19)))+EXP(GAMMALN(4+'Read me'!$B$6)-GAMMALN('Read me'!$B$6)-GAMMALN(4+1)+'Read me'!$B$6*LN('Read me'!$B$6/('Read me'!$B$6+L19))+4*LN(L19/('Read me'!$B$6+L19)))+EXP(GAMMALN(5+'Read me'!$B$6)-GAMMALN('Read me'!$B$6)-GAMMALN(5+1)+'Read me'!$B$6*LN('Read me'!$B$6/('Read me'!$B$6+L19))+5*LN(L19/('Read me'!$B$6+L19)))+EXP(GAMMALN(6+'Read me'!$B$6)-GAMMALN('Read me'!$B$6)-GAMMALN(6+1)+'Read me'!$B$6*LN('Read me'!$B$6/('Read me'!$B$6+L19))+6*LN(L19/('Read me'!$B$6+L19)))),"") | N19: =IFERROR(EXP(GAMMALN(7+'Read me'!$B$6)-GAMMALN('Read me'!$B$6)-GAMMALN(7+1)+'Read me'!$B$6*LN('Read me'!$B$6/('Read me'!$B$6+L19))+7*LN(L19/('Read me'!$B$6+L19))),"") | O19: =IFERROR((1-N19)/M19,"") | Q19: =IF(P19="","",P19*M19+N19-1) | R19: =IF(Q19="","awaiting price",IF(Q19>='Read me'!$B$7,"BET",IF(Q19>=0,"thin","no bet")))
A20: 46298 | B20: England League Two | C20: Gillingham v Newport County | D20: Gillingham | E20: Home | F20: Team under | G20: under 6 team corners | H20: 12 | I20: 12 | J20: 4/4 | K20: 3.4 | L20: 5.3 | M20: =IFERROR((EXP(GAMMALN(0+'Read me'!$B$6)-GAMMALN('Read me'!$B$6)-GAMMALN(0+1)+'Read me'!$B$6*LN('Read me'!$B$6/('Read me'!$B$6+L20))+0*LN(L20/('Read me'!$B$6+L20)))+EXP(GAMMALN(1+'Read me'!$B$6)-GAMMALN('Read me'!$B$6)-GAMMALN(1+1)+'Read me'!$B$6*LN('Read me'!$B$6/('Read me'!$B$6+L20))+1*LN(L20/('Read me'!$B$6+L20)))+EXP(GAMMALN(2+'Read me'!$B$6)-GAMMALN('Read me'!$B$6)-GAMMALN(2+1)+'Read me'!$B$6*LN('Read me'!$B$6/('Read me'!$B$6+L20))+2*LN(L20/('Read me'!$B$6+L20)))+EXP(GAMMALN(3+'Read me'!$B$6)-GAMMALN('Read me'!$B$6)-GAMMALN(3+1)+'Read me'!$B$6*LN('Read me'!$B$6/('Read me'!$B$6+L20))+3*LN(L20/('Read me'!$B$6+L20)))+EXP(GAMMALN(4+'Read me'!$B$6)-GAMMALN('Read me'!$B$6)-GAMMALN(4+1)+'Read me'!$B$6*LN('Read me'!$B$6/('Read me'!$B$6+L20))+4*LN(L20/('Read me'!$B$6+L20)))+EXP(GAMMALN(5+'Read me'!$B$6)-GAMMALN('Read me'!$B$6)-GAMMALN(5+1)+'Read me'!$B$6*LN('Read me'!$B$6/('Read me'!$B$6+L20))+5*LN(L20/('Read me'!$B$6+L20)))),"") | N20: =IFERROR(EXP(GAMMALN(6+'Read me'!$B$6)-GAMMALN('Read me'!$B$6)-GAMMALN(6+1)+'Read me'!$B$6*LN('Read me'!$B$6/('Read me'!$B$6+L20))+6*LN(L20/('Read me'!$B$6+L20))),"") | O20: =IFERROR((1-N20)/M20,"") | Q20: =IF(P20="","",P20*M20+N20-1) | R20: =IF(Q20="","awaiting price",IF(Q20>='Read me'!$B$7,"BET",IF(Q20>=0,"thin","no bet")))
A21: 46298 | B21: England League One | C21: Burton Albion v Huddersfield | D21: Burton Albion | E21: Home | F21: Match under | G21: under 11 match corners | H21: 12 | I21: 12 | J21: 4/4 | K21: 8.6 | L21: 8.84 | M21: =IFERROR(POISSON(11-1,L21,TRUE),"") | N21: =IFERROR(POISSON(11,L21,FALSE),"") | O21: =IFERROR((1-N21)/M21,"") | Q21: =IF(P21="","",P21*M21+N21-1) | R21: =IF(Q21="","awaiting price",IF(Q21>='Read me'!$B$7,"BET",IF(Q21>=0,"thin","no bet")))
A22: 46299 | B22: Argentina Liga Profesional | C22: Huracan v Aldosivi | D22: Huracan | E22: Home | F22: Team under | G22: under 8 team corners | H22: 12 | I22: 12 | J22: 4/4 | K22: 3.4 | L22: 5.93 | M22: =IFERROR((EXP(GAMMALN(0+'Read me'!$B$6)-GAMMALN('Read me'!$B$6)-GAMMALN(0+1)+'Read me'!$B$6*LN('Read me'!$B$6/('Read me'!$B$6+L22))+0*LN(L22/('Read me'!$B$6+L22)))+EXP(GAMMALN(1+'Read me'!$B$6)-GAMMALN('Read me'!$B$6)-GAMMALN(1+1)+'Read me'!$B$6*LN('Read me'!$B$6/('Read me'!$B$6+L22))+1*LN(L22/('Read me'!$B$6+L22)))+EXP(GAMMALN(2+'Read me'!$B$6)-GAMMALN('Read me'!$B$6)-GAMMALN(2+1)+'Read me'!$B$6*LN('Read me'!$B$6/('Read me'!$B$6+L22))+2*LN(L22/('Read me'!$B$6+L22)))+EXP(GAMMALN(3+'Read me'!$B$6)-GAMMALN('Read me'!$B$6)-GAMMALN(3+1)+'Read me'!$B$6*LN('Read me'!$B$6/('Read me'!$B$6+L22))+3*LN(L22/('Read me'!$B$6+L22)))+EXP(GAMMALN(4+'Read me'!$B$6)-GAMMALN('Read me'!$B$6)-GAMMALN(4+1)+'Read me'!$B$6*LN('Read me'!$B$6/('Read me'!$B$6+L22))+4*LN(L22/('Read me'!$B$6+L22)))+EXP(GAMMALN(5+'Read me'!$B$6)-GAMMALN('Read me'!$B$6)-GAMMALN(5+1)+'Read me'!$B$6*LN('Read me'!$B$6/('Read me'!$B$6+L22))+5*LN(L22/('Read me'!$B$6+L22)))+EXP(GAMMALN(6+'Read me'!$B$6)-GAMMALN('Read me'!$B$6)-GAMMALN(6+1)+'Read me'!$B$6*LN('Read me'!$B$6/('Read me'!$B$6+L22))+6*LN(L22/('Read me'!$B$6+L22)))+EXP(GAMMALN(7+'Read me'!$B$6)-GAMMALN('Read me'!$B$6)-GAMMALN(7+1)+'Read me'!$B$6*LN('Read me'!$B$6/('Read me'!$B$6+L22))+7*LN(L22/('Read me'!$B$6+L22)))),"") | N22: =IFERROR(EXP(GAMMALN(8+'Read me'!$B$6)-GAMMALN('Read me'!$B$6)-GAMMALN(8+1)+'Read me'!$B$6*LN('Read me'!$B$6/('Read me'!$B$6+L22))+8*LN(L22/('Read me'!$B$6+L22))),"") | O22: =IFERROR((1-N22)/M22,"") | Q22: =IF(P22="","",P22*M22+N22-1) | R22: =IF(Q22="","awaiting price",IF(Q22>='Read me'!$B$7,"BET",IF(Q22>=0,"thin","no bet")))
A23: 46301 | B23: Argentina Liga Profesional | C23: Banfield v Rosario Central | D23: Banfield | E23: Home | F23: Match under | G23: under 12 match corners | H23: 12 | I23: 12 | J23: 4/4 | K23: 7.8 | L23: 8.21 | M23: =IFERROR(POISSON(12-1,L23,TRUE),"") | N23: =IFERROR(POISSON(12,L23,FALSE),"") | O23: =IFERROR((1-N23)/M23,"") | Q23: =IF(P23="","",P23*M23+N23-1) | R23: =IF(Q23="","awaiting price",IF(Q23>='Read me'!$B$7,"BET",IF(Q23>=0,"thin","no bet")))
A24: 46298 | B24: Netherlands Eerste Divisie | C24: Waalwijk v Emmen | D24: Waalwijk | E24: Home | F24: Team under | G24: under 7 team corners | H24: 11 | I24: 11 | J24: 4/4 | K24: 4.6 | L24: 4.27 | M24: =IFERROR((EXP(GAMMALN(0+'Read me'!$B$6)-GAMMALN('Read me'!$B$6)-GAMMALN(0+1)+'Read me'!$B$6*LN('Read me'!$B$6/('Read me'!$B$6+L24))+0*LN(L24/('Read me'!$B$6+L24)))+EXP(GAMMALN(1+'Read me'!$B$6)-GAMMALN('Read me'!$B$6)-GAMMALN(1+1)+'Read me'!$B$6*LN('Read me'!$B$6/('Read me'!$B$6+L24))+1*LN(L24/('Read me'!$B$6+L24)))+EXP(GAMMALN(2+'Read me'!$B$6)-GAMMALN('Read me'!$B$6)-GAMMALN(2+1)+'Read me'!$B$6*LN('Read me'!$B$6/('Read me'!$B$6+L24))+2*LN(L24/('Read me'!$B$6+L24)))+EXP(GAMMALN(3+'Read me'!$B$6)-GAMMALN('Read me'!$B$6)-GAMMALN(3+1)+'Read me'!$B$6*LN('Read me'!$B$6/('Read me'!$B$6+L24))+3*LN(L24/('Read me'!$B$6+L24)))+EXP(GAMMALN(4+'Read me'!$B$6)-GAMMALN('Read me'!$B$6)-GAMMALN(4+1)+'Read me'!$B$6*LN('Read me'!$B$6/('Read me'!$B$6+L24))+4*LN(L24/('Read me'!$B$6+L24)))+EXP(GAMMALN(5+'Read me'!$B$6)-GAMMALN('Read me'!$B$6)-GAMMALN(5+1)+'Read me'!$B$6*LN('Read me'!$B$6/('Read me'!$B$6+L24))+5*LN(L24/('Read me'!$B$6+L24)))+EXP(GAMMALN(6+'Read me'!$B$6)-GAMMALN('Read me'!$B$6)-GAMMALN(6+1)+'Read me'!$B$6*LN('Read me'!$B$6/('Read me'!$B$6+L24))+6*LN(L24/('Read me'!$B$6+L24)))),"") | N24: =IFERROR(EXP(GAMMALN(7+'Read me'!$B$6)-GAMMALN('Read me'!$B$6)-GAMMALN(7+1)+'Read me'!$B$6*LN('Read me'!$B$6/('Read me'!$B$6+L24))+7*LN(L24/('Read me'!$B$6+L24))),"") | O24: =IFERROR((1-N24)/M24,"") | Q24: =IF(P24="","",P24*M24+N24-1) | R24: =IF(Q24="","awaiting price",IF(Q24>='Read me'!$B$7,"BET",IF(Q24>=0,"thin","no bet")))
A25: 46298 | B25: England League Two | C25: Chesterfield v Tranmere | D25: Tranmere | E25: Away | F25: Match under | G25: under 12 match corners | H25: 11 | I25: 11 | J25: 4/4 | K25: 9.4 | L25: 9.83 | M25: =IFERROR(POISSON(12-1,L25,TRUE),"") | N25: =IFERROR(POISSON(12,L25,FALSE),"") | O25: =IFERROR((1-N25)/M25,"") | Q25: =IF(P25="","",P25*M25+N25-1) | R25: =IF(Q25="","awaiting price",IF(Q25>='Read me'!$B$7,"BET",IF(Q25>=0,"thin","no bet")))
A26: 46302 | B26: Brazil Série A | C26: Internacional v Corinthians | D26: Internacional | E26: Home | F26: Team under | G26: under 7 team corners | H26: 11 | I26: 11 | J26: 4/4 | K26: 4 | L26: 5.72 | M26: =IFERROR((EXP(GAMMALN(0+'Read me'!$B$6)-GAMMALN('Read me'!$B$6)-GAMMALN(0+1)+'Read me'!$B$6*LN('Read me'!$B$6/('Read me'!$B$6+L26))+0*LN(L26/('Read me'!$B$6+L26)))+EXP(GAMMALN(1+'Read me'!$B$6)-GAMMALN('Read me'!$B$6)-GAMMALN(1+1)+'Read me'!$B$6*LN('Read me'!$B$6/('Read me'!$B$6+L26))+1*LN(L26/('Read me'!$B$6+L26)))+EXP(GAMMALN(2+'Read me'!$B$6)-GAMMALN('Read me'!$B$6)-GAMMALN(2+1)+'Read me'!$B$6*LN('Read me'!$B$6/('Read me'!$B$6+L26))+2*LN(L26/('Read me'!$B$6+L26)))+EXP(GAMMALN(3+'Read me'!$B$6)-GAMMALN('Read me'!$B$6)-GAMMALN(3+1)+'Read me'!$B$6*LN('Read me'!$B$6/('Read me'!$B$6+L26))+3*LN(L26/('Read me'!$B$6+L26)))+EXP(GAMMALN(4+'Read me'!$B$6)-GAMMALN('Read me'!$B$6)-GAMMALN(4+1)+'Read me'!$B$6*LN('Read me'!$B$6/('Read me'!$B$6+L26))+4*LN(L26/('Read me'!$B$6+L26)))+EXP(GAMMALN(5+'Read me'!$B$6)-GAMMALN('Read me'!$B$6)-GAMMALN(5+1)+'Read me'!$B$6*LN('Read me'!$B$6/('Read me'!$B$6+L26))+5*LN(L26/('Read me'!$B$6+L26)))+EXP(GAMMALN(6+'Read me'!$B$6)-GAMMALN('Read me'!$B$6)-GAMMALN(6+1)+'Read me'!$B$6*LN('Read me'!$B$6/('Read me'!$B$6+L26))+6*LN(L26/('Read me'!$B$6+L26)))),"") | N26: =IFERROR(EXP(GAMMALN(7+'Read me'!$B$6)-GAMMALN('Read me'!$B$6)-GAMMALN(7+1)+'Read me'!$B$6*LN('Read me'!$B$6/('Read me'!$B$6+L26))+7*LN(L26/('Read me'!$B$6+L26))),"") | O26: =IFERROR((1-N26)/M26,"") | Q26: =IF(P26="","",P26*M26+N26-1) | R26: =IF(Q26="","awaiting price",IF(Q26>='Read me'!$B$7,"BET",IF(Q26>=0,"thin","no bet")))
A27: 46297 | B27: Brazil Série B | C27: Juventude v Operario-PR | D27: Juventude | E27: Home | F27: Team under | G27: under 7 team corners | H27: 10 | I27: 10 | J27: 4/4 | K27: 3.6 | L27: 5.83 | M27: =IFERROR((EXP(GAMMALN(0+'Read me'!$B$6)-GAMMALN('Read me'!$B$6)-GAMMALN(0+1)+'Read me'!$B$6*LN('Read me'!$B$6/('Read me'!$B$6+L27))+0*LN(L27/('Read me'!$B$6+L27)))+EXP(GAMMALN(1+'Read me'!$B$6)-GAMMALN('Read me'!$B$6)-GAMMALN(1+1)+'Read me'!$B$6*LN('Read me'!$B$6/('Read me'!$B$6+L27))+1*LN(L27/('Read me'!$B$6+L27)))+EXP(GAMMALN(2+'Read me'!$B$6)-GAMMALN('Read me'!$B$6)-GAMMALN(2+1)+'Read me'!$B$6*LN('Read me'!$B$6/('Read me'!$B$6+L27))+2*LN(L27/('Read me'!$B$6+L27)))+EXP(GAMMALN(3+'Read me'!$B$6)-GAMMALN('Read me'!$B$6)-GAMMALN(3+1)+'Read me'!$B$6*LN('Read me'!$B$6/('Read me'!$B$6+L27))+3*LN(L27/('Read me'!$B$6+L27)))+EXP(GAMMALN(4+'Read me'!$B$6)-GAMMALN('Read me'!$B$6)-GAMMALN(4+1)+'Read me'!$B$6*LN('Read me'!$B$6/('Read me'!$B$6+L27))+4*LN(L27/('Read me'!$B$6+L27)))+EXP(GAMMALN(5+'Read me'!$B$6)-GAMMALN('Read me'!$B$6)-GAMMALN(5+1)+'Read me'!$B$6*LN('Read me'!$B$6/('Read me'!$B$6+L27))+5*LN(L27/('Read me'!$B$6+L27)))+EXP(GAMMALN(6+'Read me'!$B$6)-GAMMALN('Read me'!$B$6)-GAMMALN(6+1)+'Read me'!$B$6*LN('Read me'!$B$6/('Read me'!$B$6+L27))+6*LN(L27/('Read me'!$B$6+L27)))),"") | N27: =IFERROR(EXP(GAMMALN(7+'Read me'!$B$6)-GAMMALN('Read me'!$B$6)-GAMMALN(7+1)+'Read me'!$B$6*LN('Read me'!$B$6/('Read me'!$B$6+L27))+7*LN(L27/('Read me'!$B$6+L27))),"") | O27: =IFERROR((1-N27)/M27,"") | Q27: =IF(P27="","",P27*M27+N27-1) | R27: =IF(Q27="","awaiting price",IF(Q27>='Read me'!$B$7,"BET",IF(Q27>=0,"thin","no bet")))
A28: 46297 | B28: Brazil Série B | C28: São Bernardo v CRB | D28: CRB | E28: Away | F28: Team under | G28: under 7 team corners | H28: 10 | I28: 10 | J28: 3/3 | K28: 6.2 | L28: 5.83 | M28: =IFERROR((EXP(GAMMALN(0+'Read me'!$B$6)-GAMMALN('Read me'!$B$6)-GAMMALN(0+1)+'Read me'!$B$6*LN('Read me'!$B$6/('Read me'!$B$6+L28))+0*LN(L28/('Read me'!$B$6+L28)))+EXP(GAMMALN(1+'Read me'!$B$6)-GAMMALN('Read me'!$B$6)-GAMMALN(1+1)+'Read me'!$B$6*LN('Read me'!$B$6/('Read me'!$B$6+L28))+1*LN(L28/('Read me'!$B$6+L28)))+EXP(GAMMALN(2+'Read me'!$B$6)-GAMMALN('Read me'!$B$6)-GAMMALN(2+1)+'Read me'!$B$6*LN('Read me'!$B$6/('Read me'!$B$6+L28))+2*LN(L28/('Read me'!$B$6+L28)))+EXP(GAMMALN(3+'Read me'!$B$6)-GAMMALN('Read me'!$B$6)-GAMMALN(3+1)+'Read me'!$B$6*LN('Read me'!$B$6/('Read me'!$B$6+L28))+3*LN(L28/('Read me'!$B$6+L28)))+EXP(GAMMALN(4+'Read me'!$B$6)-GAMMALN('Read me'!$B$6)-GAMMALN(4+1)+'Read me'!$B$6*LN('Read me'!$B$6/('Read me'!$B$6+L28))+4*LN(L28/('Read me'!$B$6+L28)))+EXP(GAMMALN(5+'Read me'!$B$6)-GAMMALN('Read me'!$B$6)-GAMMALN(5+1)+'Read me'!$B$6*LN('Read me'!$B$6/('Read me'!$B$6+L28))+5*LN(L28/('Read me'!$B$6+L28)))+EXP(GAMMALN(6+'Read me'!$B$6)-GAMMALN('Read me'!$B$6)-GAMMALN(6+1)+'Read me'!$B$6*LN('Read me'!$B$6/('Read me'!$B$6+L28))+6*LN(L28/('Read me'!$B$6+L28)))),"") | N28: =IFERROR(EXP(GAMMALN(7+'Read me'!$B$6)-GAMMALN('Read me'!$B$6)-GAMMALN(7+1)+'Read me'!$B$6*LN('Read me'!$B$6/('Read me'!$B$6+L28))+7*LN(L28/('Read me'!$B$6+L28))),"") | O28: =IFERROR((1-N28)/M28,"") | Q28: =IF(P28="","",P28*M28+N28-1) | R28: =IF(Q28="","awaiting price",IF(Q28>='Read me'!$B$7,"BET",IF(Q28>=0,"thin","no bet")))
A29: 46298 | B29: England League Two | C29: Walsall v Crawley Town | D29: Walsall | E29: Home | F29: Team over | G29: 4+ team corners | H29: 10 | I29: 10 | J29: 5/5 | K29: 6.2 | L29: 5.5 | M29: =IFERROR(1-(EXP(GAMMALN(0+'Read me'!$B$6)-GAMMALN('Read me'!$B$6)-GAMMALN(0+1)+'Read me'!$B$6*LN('Read me'!$B$6/('Read me'!$B$6+L29))+0*LN(L29/('Read me'!$B$6+L29)))+EXP(GAMMALN(1+'Read me'!$B$6)-GAMMALN('Read me'!$B$6)-GAMMALN(1+1)+'Read me'!$B$6*LN('Read me'!$B$6/('Read me'!$B$6+L29))+1*LN(L29/('Read me'!$B$6+L29)))+EXP(GAMMALN(2+'Read me'!$B$6)-GAMMALN('Read me'!$B$6)-GAMMALN(2+1)+'Read me'!$B$6*LN('Read me'!$B$6/('Read me'!$B$6+L29))+2*LN(L29/('Read me'!$B$6+L29)))+EXP(GAMMALN(3+'Read me'!$B$6)-GAMMALN('Read me'!$B$6)-GAMMALN(3+1)+'Read me'!$B$6*LN('Read me'!$B$6/('Read me'!$B$6+L29))+3*LN(L29/('Read me'!$B$6+L29)))),"") | N29: 0 | O29: =IFERROR(1/M29,"") | Q29: =IF(P29="","",P29*M29-1) | R29: =IF(Q29="","awaiting price",IF(Q29>='Read me'!$B$7,"BET",IF(Q29>=0,"thin","no bet")))
A30: 46298 | B30: England League One | C30: Burton Albion v Huddersfield | D30: Burton Albion | E30: Home | F30: Team under | G30: under 5 team corners | H30: 10 | I30: 10 | J30: 4/4 | K30: 3.8 | L30: 4.52 | M30: =IFERROR((EXP(GAMMALN(0+'Read me'!$B$6)-GAMMALN('Read me'!$B$6)-GAMMALN(0+1)+'Read me'!$B$6*LN('Read me'!$B$6/('Read me'!$B$6+L30))+0*LN(L30/('Read me'!$B$6+L30)))+EXP(GAMMALN(1+'Read me'!$B$6)-GAMMALN('Read me'!$B$6)-GAMMALN(1+1)+'Read me'!$B$6*LN('Read me'!$B$6/('Read me'!$B$6+L30))+1*LN(L30/('Read me'!$B$6+L30)))+EXP(GAMMALN(2+'Read me'!$B$6)-GAMMALN('Read me'!$B$6)-GAMMALN(2+1)+'Read me'!$B$6*LN('Read me'!$B$6/('Read me'!$B$6+L30))+2*LN(L30/('Read me'!$B$6+L30)))+EXP(GAMMALN(3+'Read me'!$B$6)-GAMMALN('Read me'!$B$6)-GAMMALN(3+1)+'Read me'!$B$6*LN('Read me'!$B$6/('Read me'!$B$6+L30))+3*LN(L30/('Read me'!$B$6+L30)))+EXP(GAMMALN(4+'Read me'!$B$6)-GAMMALN('Read me'!$B$6)-GAMMALN(4+1)+'Read me'!$B$6*LN('Read me'!$B$6/('Read me'!$B$6+L30))+4*LN(L30/('Read me'!$B$6+L30)))),"") | N30: =IFERROR(EXP(GAMMALN(5+'Read me'!$B$6)-GAMMALN('Read me'!$B$6)-GAMMALN(5+1)+'Read me'!$B$6*LN('Read me'!$B$6/('Read me'!$B$6+L30))+5*LN(L30/('Read me'!$B$6+L30))),"") | O30: =IFERROR((1-N30)/M30,"") | Q30: =IF(P30="","",P30*M30+N30-1) | R30: =IF(Q30="","awaiting price",IF(Q30>='Read me'!$B$7,"BET",IF(Q30>=0,"thin","no bet")))
A31: 46298 | B31: Argentina Liga Profesional | C31: Independ. Rivadavia v Gimnasia L.P. | D31: Gimnasia L.P. | E31: Away | F31: Team under | G31: under 5 team corners | H31: 10 | I31: 10 | J31: 3/3 | K31: 3.8 | L31: 3.79 | M31: =IFERROR((EXP(GAMMALN(0+'Read me'!$B$6)-GAMMALN('Read me'!$B$6)-GAMMALN(0+1)+'Read me'!$B$6*LN('Read me'!$B$6/('Read me'!$B$6+L31))+0*LN(L31/('Read me'!$B$6+L31)))+EXP(GAMMALN(1+'Read me'!$B$6)-GAMMALN('Read me'!$B$6)-GAMMALN(1+1)+'Read me'!$B$6*LN('Read me'!$B$6/('Read me'!$B$6+L31))+1*LN(L31/('Read me'!$B$6+L31)))+EXP(GAMMALN(2+'Read me'!$B$6)-GAMMALN('Read me'!$B$6)-GAMMALN(2+1)+'Read me'!$B$6*LN('Read me'!$B$6/('Read me'!$B$6+L31))+2*LN(L31/('Read me'!$B$6+L31)))+EXP(GAMMALN(3+'Read me'!$B$6)-GAMMALN('Read me'!$B$6)-GAMMALN(3+1)+'Read me'!$B$6*LN('Read me'!$B$6/('Read me'!$B$6+L31))+3*LN(L31/('Read me'!$B$6+L31)))+EXP(GAMMALN(4+'Read me'!$B$6)-GAMMALN('Read me'!$B$6)-GAMMALN(4+1)+'Read me'!$B$6*LN('Read me'!$B$6/('Read me'!$B$6+L31))+4*LN(L31/('Read me'!$B$6+L31)))),"") | N31: =IFERROR(EXP(GAMMALN(5+'Read me'!$B$6)-GAMMALN('Read me'!$B$6)-GAMMALN(5+1)+'Read me'!$B$6*LN('Read me'!$B$6/('Read me'!$B$6+L31))+5*LN(L31/('Read me'!$B$6+L31))),"") | O31: =IFERROR((1-N31)/M31,"") | Q31: =IF(P31="","",P31*M31+N31-1) | R31: =IF(Q31="","awaiting price",IF(Q31>='Read me'!$B$7,"BET",IF(Q31>=0,"thin","no bet")))
A32: 46298 | B32: England League Two | C32: Chesterfield v Tranmere | D32: Tranmere | E32: Away | F32: Team under | G32: under 6 team corners | H32: 10 | I32: 10 | J32: 4/4 | K32: 3.4 | L32: 3.88 | M32: =IFERROR((EXP(GAMMALN(0+'Read me'!$B$6)-GAMMALN('Read me'!$B$6)-GAMMALN(0+1)+'Read me'!$B$6*LN('Read me'!$B$6/('Read me'!$B$6+L32))+0*LN(L32/('Read me'!$B$6+L32)))+EXP(GAMMALN(1+'Read me'!$B$6)-GAMMALN('Read me'!$B$6)-GAMMALN(1+1)+'Read me'!$B$6*LN('Read me'!$B$6/('Read me'!$B$6+L32))+1*LN(L32/('Read me'!$B$6+L32)))+EXP(GAMMALN(2+'Read me'!$B$6)-GAMMALN('Read me'!$B$6)-GAMMALN(2+1)+'Read me'!$B$6*LN('Read me'!$B$6/('Read me'!$B$6+L32))+2*LN(L32/('Read me'!$B$6+L32)))+EXP(GAMMALN(3+'Read me'!$B$6)-GAMMALN('Read me'!$B$6)-GAMMALN(3+1)+'Read me'!$B$6*LN('Read me'!$B$6/('Read me'!$B$6+L32))+3*LN(L32/('Read me'!$B$6+L32)))+EXP(GAMMALN(4+'Read me'!$B$6)-GAMMALN('Read me'!$B$6)-GAMMALN(4+1)+'Read me'!$B$6*LN('Read me'!$B$6/('Read me'!$B$6+L32))+4*LN(L32/('Read me'!$B$6+L32)))+EXP(GAMMALN(5+'Read me'!$B$6)-GAMMALN('Read me'!$B$6)-GAMMALN(5+1)+'Read me'!$B$6*LN('Read me'!$B$6/('Read me'!$B$6+L32))+5*LN(L32/('Read me'!$B$6+L32)))),"") | N32: =IFERROR(EXP(GAMMALN(6+'Read me'!$B$6)-GAMMALN('Read me'!$B$6)-GAMMALN(6+1)+'Read me'!$B$6*LN('Read me'!$B$6/('Read me'!$B$6+L32))+6*LN(L32/('Read me'!$B$6+L32))),"") | O32: =IFERROR((1-N32)/M32,"") | Q32: =IF(P32="","",P32*M32+N32-1) | R32: =IF(Q32="","awaiting price",IF(Q32>='Read me'!$B$7,"BET",IF(Q32>=0,"thin","no bet")))
A33: 46303 | B33: Brazil Série A | C33: Atletico Paranaense v Atletico-MG | D33: Atletico Paranaense | E33: Home | F33: Team under | G33: under 8 team corners | H33: 10 | I33: 10 | J33: 4/4 | K33: 4.2 | L33: 6.02 | M33: =IFERROR((EXP(GAMMALN(0+'Read me'!$B$6)-GAMMALN('Read me'!$B$6)-GAMMALN(0+1)+'Read me'!$B$6*LN('Read me'!$B$6/('Read me'!$B$6+L33))+0*LN(L33/('Read me'!$B$6+L33)))+EXP(GAMMALN(1+'Read me'!$B$6)-GAMMALN('Read me'!$B$6)-GAMMALN(1+1)+'Read me'!$B$6*LN('Read me'!$B$6/('Read me'!$B$6+L33))+1*LN(L33/('Read me'!$B$6+L33)))+EXP(GAMMALN(2+'Read me'!$B$6)-GAMMALN('Read me'!$B$6)-GAMMALN(2+1)+'Read me'!$B$6*LN('Read me'!$B$6/('Read me'!$B$6+L33))+2*LN(L33/('Read me'!$B$6+L33)))+EXP(GAMMALN(3+'Read me'!$B$6)-GAMMALN('Read me'!$B$6)-GAMMALN(3+1)+'Read me'!$B$6*LN('Read me'!$B$6/('Read me'!$B$6+L33))+3*LN(L33/('Read me'!$B$6+L33)))+EXP(GAMMALN(4+'Read me'!$B$6)-GAMMALN('Read me'!$B$6)-GAMMALN(4+1)+'Read me'!$B$6*LN('Read me'!$B$6/('Read me'!$B$6+L33))+4*LN(L33/('Read me'!$B$6+L33)))+EXP(GAMMALN(5+'Read me'!$B$6)-GAMMALN('Read me'!$B$6)-GAMMALN(5+1)+'Read me'!$B$6*LN('Read me'!$B$6/('Read me'!$B$6+L33))+5*LN(L33/('Read me'!$B$6+L33)))+EXP(GAMMALN(6+'Read me'!$B$6)-GAMMALN('Read me'!$B$6)-GAMMALN(6+1)+'Read me'!$B$6*LN('Read me'!$B$6/('Read me'!$B$6+L33))+6*LN(L33/('Read me'!$B$6+L33)))+EXP(GAMMALN(7+'Read me'!$B$6)-GAMMALN('Read me'!$B$6)-GAMMALN(7+1)+'Read me'!$B$6*LN('Read me'!$B$6/('Read me'!$B$6+L33))+7*LN(L33/('Read me'!$B$6+L33)))),"") | N33: =IFERROR(EXP(GAMMALN(8+'Read me'!$B$6)-GAMMALN('Read me'!$B$6)-GAMMALN(8+1)+'Read me'!$B$6*LN('Read me'!$B$6/('Read me'!$B$6+L33))+8*LN(L33/('Read me'!$B$6+L33))),"") | O33: =IFERROR((1-N33)/M33,"") | Q33: =IF(P33="","",P33*M33+N33-1) | R33: =IF(Q33="","awaiting price",IF(Q33>='Read me'!$B$7,"BET",IF(Q33>=0,"thin","no bet")))
A34: 46297 | B34: Brazil Série B | C34: Novorizontino v Goias | D34: Goias | E34: Away | F34: Team under | G34: under 8 team corners | H34: 9 | I34: 9 | J34: 4/4 | K34: 6.6 | L34: 3.95 | M34: =IFERROR((EXP(GAMMALN(0+'Read me'!$B$6)-GAMMALN('Read me'!$B$6)-GAMMALN(0+1)+'Read me'!$B$6*LN('Read me'!$B$6/('Read me'!$B$6+L34))+0*LN(L34/('Read me'!$B$6+L34)))+EXP(GAMMALN(1+'Read me'!$B$6)-GAMMALN('Read me'!$B$6)-GAMMALN(1+1)+'Read me'!$B$6*LN('Read me'!$B$6/('Read me'!$B$6+L34))+1*LN(L34/('Read me'!$B$6+L34)))+EXP(GAMMALN(2+'Read me'!$B$6)-GAMMALN('Read me'!$B$6)-GAMMALN(2+1)+'Read me'!$B$6*LN('Read me'!$B$6/('Read me'!$B$6+L34))+2*LN(L34/('Read me'!$B$6+L34)))+EXP(GAMMALN(3+'Read me'!$B$6)-GAMMALN('Read me'!$B$6)-GAMMALN(3+1)+'Read me'!$B$6*LN('Read me'!$B$6/('Read me'!$B$6+L34))+3*LN(L34/('Read me'!$B$6+L34)))+EXP(GAMMALN(4+'Read me'!$B$6)-GAMMALN('Read me'!$B$6)-GAMMALN(4+1)+'Read me'!$B$6*LN('Read me'!$B$6/('Read me'!$B$6+L34))+4*LN(L34/('Read me'!$B$6+L34)))+EXP(GAMMALN(5+'Read me'!$B$6)-GAMMALN('Read me'!$B$6)-GAMMALN(5+1)+'Read me'!$B$6*LN('Read me'!$B$6/('Read me'!$B$6+L34))+5*LN(L34/('Read me'!$B$6+L34)))+EXP(GAMMALN(6+'Read me'!$B$6)-GAMMALN('Read me'!$B$6)-GAMMALN(6+1)+'Read me'!$B$6*LN('Read me'!$B$6/('Read me'!$B$6+L34))+6*LN(L34/('Read me'!$B$6+L34)))+EXP(GAMMALN(7+'Read me'!$B$6)-GAMMALN('Read me'!$B$6)-GAMMALN(7+1)+'Read me'!$B$6*LN('Read me'!$B$6/('Read me'!$B$6+L34))+7*LN(L34/('Read me'!$B$6+L34)))),"") | N34: =IFERROR(EXP(GAMMALN(8+'Read me'!$B$6)-GAMMALN('Read me'!$B$6)-GAMMALN(8+1)+'Read me'!$B$6*LN('Read me'!$B$6/('Read me'!$B$6+L34))+8*LN(L34/('Read me'!$B$6+L34))),"") | O34: =IFERROR((1-N34)/M34,"") | Q34: =IF(P34="","",P34*M34+N34-1) | R34: =IF(Q34="","awaiting price",IF(Q34>='Read me'!$B$7,"BET",IF(Q34>=0,"thin","no bet")))
A35: 46298 | B35: England League One | C35: Leyton Orient v Plymouth | D35: Leyton Orient | E35: Home | F35: Team under | G35: under 6 team corners | H35: 9 | I35: 9 | J35: 4/4 | K35: 3.8 | L35: 4.95 | M35: =IFERROR((EXP(GAMMALN(0+'Read me'!$B$6)-GAMMALN('Read me'!$B$6)-GAMMALN(0+1)+'Read me'!$B$6*LN('Read me'!$B$6/('Read me'!$B$6+L35))+0*LN(L35/('Read me'!$B$6+L35)))+EXP(GAMMALN(1+'Read me'!$B$6)-GAMMALN('Read me'!$B$6)-GAMMALN(1+1)+'Read me'!$B$6*LN('Read me'!$B$6/('Read me'!$B$6+L35))+1*LN(L35/('Read me'!$B$6+L35)))+EXP(GAMMALN(2+'Read me'!$B$6)-GAMMALN('Read me'!$B$6)-GAMMALN(2+1)+'Read me'!$B$6*LN('Read me'!$B$6/('Read me'!$B$6+L35))+2*LN(L35/('Read me'!$B$6+L35)))+EXP(GAMMALN(3+'Read me'!$B$6)-GAMMALN('Read me'!$B$6)-GAMMALN(3+1)+'Read me'!$B$6*LN('Read me'!$B$6/('Read me'!$B$6+L35))+3*LN(L35/('Read me'!$B$6+L35)))+EXP(GAMMALN(4+'Read me'!$B$6)-GAMMALN('Read me'!$B$6)-GAMMALN(4+1)+'Read me'!$B$6*LN('Read me'!$B$6/('Read me'!$B$6+L35))+4*LN(L35/('Read me'!$B$6+L35)))+EXP(GAMMALN(5+'Read me'!$B$6)-GAMMALN('Read me'!$B$6)-GAMMALN(5+1)+'Read me'!$B$6*LN('Read me'!$B$6/('Read me'!$B$6+L35))+5*LN(L35/('Read me'!$B$6+L35)))),"") | N35: =IFERROR(EXP(GAMMALN(6+'Read me'!$B$6)-GAMMALN('Read me'!$B$6)-GAMMALN(6+1)+'Read me'!$B$6*LN('Read me'!$B$6/('Read me'!$B$6+L35))+6*LN(L35/('Read me'!$B$6+L35))),"") | O35: =IFERROR((1-N35)/M35,"") | Q35: =IF(P35="","",P35*M35+N35-1) | R35: =IF(Q35="","awaiting price",IF(Q35>='Read me'!$B$7,"BET",IF(Q35>=0,"thin","no bet")))
A36: 46299 | B36: Netherlands Eerste Divisie | C36: VVV Venlo v Roda | D36: VVV Venlo | E36: Home | F36: Team under | G36: under 8 team corners | H36: 9 | I36: 9 | J36: 4/4 | K36: 5.8 | L36: 5.48 | M36: =IFERROR((EXP(GAMMALN(0+'Read me'!$B$6)-GAMMALN('Read me'!$B$6)-GAMMALN(0+1)+'Read me'!$B$6*LN('Read me'!$B$6/('Read me'!$B$6+L36))+0*LN(L36/('Read me'!$B$6+L36)))+EXP(GAMMALN(1+'Read me'!$B$6)-GAMMALN('Read me'!$B$6)-GAMMALN(1+1)+'Read me'!$B$6*LN('Read me'!$B$6/('Read me'!$B$6+L36))+1*LN(L36/('Read me'!$B$6+L36)))+EXP(GAMMALN(2+'Read me'!$B$6)-GAMMALN('Read me'!$B$6)-GAMMALN(2+1)+'Read me'!$B$6*LN('Read me'!$B$6/('Read me'!$B$6+L36))+2*LN(L36/('Read me'!$B$6+L36)))+EXP(GAMMALN(3+'Read me'!$B$6)-GAMMALN('Read me'!$B$6)-GAMMALN(3+1)+'Read me'!$B$6*LN('Read me'!$B$6/('Read me'!$B$6+L36))+3*LN(L36/('Read me'!$B$6+L36)))+EXP(GAMMALN(4+'Read me'!$B$6)-GAMMALN('Read me'!$B$6)-GAMMALN(4+1)+'Read me'!$B$6*LN('Read me'!$B$6/('Read me'!$B$6+L36))+4*LN(L36/('Read me'!$B$6+L36)))+EXP(GAMMALN(5+'Read me'!$B$6)-GAMMALN('Read me'!$B$6)-GAMMALN(5+1)+'Read me'!$B$6*LN('Read me'!$B$6/('Read me'!$B$6+L36))+5*LN(L36/('Read me'!$B$6+L36)))+EXP(GAMMALN(6+'Read me'!$B$6)-GAMMALN('Read me'!$B$6)-GAMMALN(6+1)+'Read me'!$B$6*LN('Read me'!$B$6/('Read me'!$B$6+L36))+6*LN(L36/('Read me'!$B$6+L36)))+EXP(GAMMALN(7+'Read me'!$B$6)-GAMMALN('Read me'!$B$6)-GAMMALN(7+1)+'Read me'!$B$6*LN('Read me'!$B$6/('Read me'!$B$6+L36))+7*LN(L36/('Read me'!$B$6+L36)))),"") | N36: =IFERROR(EXP(GAMMALN(8+'Read me'!$B$6)-GAMMALN('Read me'!$B$6)-GAMMALN(8+1)+'Read me'!$B$6*LN('Read me'!$B$6/('Read me'!$B$6+L36))+8*LN(L36/('Read me'!$B$6+L36))),"") | O36: =IFERROR((1-N36)/M36,"") | Q36: =IF(P36="","",P36*M36+N36-1) | R36: =IF(Q36="","awaiting price",IF(Q36>='Read me'!$B$7,"BET",IF(Q36>=0,"thin","no bet")))
A37: 46299 | B37: Netherlands Eerste Divisie | C37: VVV Venlo v Roda | D37: VVV Venlo | E37: Home | F37: Match under | G37: under 12 match corners | H37: 9 | I37: 9 | J37: 4/4 | K37: 10.4 | L37: 10.11 | M37: =IFERROR(POISSON(12-1,L37,TRUE),"") | N37: =IFERROR(POISSON(12,L37,FALSE),"") | O37: =IFERROR((1-N37)/M37,"") | Q37: =IF(P37="","",P37*M37+N37-1) | R37: =IF(Q37="","awaiting price",IF(Q37>='Read me'!$B$7,"BET",IF(Q37>=0,"thin","no bet")))
A38: 46297 | B38: Netherlands Eerste Divisie | C38: Helmond Sport v Heracles | D38: Heracles | E38: Away | F38: Team over | G38: 5+ team corners | H38: 8 | I38: 8 | J38: 5/5 | K38: 7.8 | L38: 6.02 | M38: =IFERROR(1-(EXP(GAMMALN(0+'Read me'!$B$6)-GAMMALN('Read me'!$B$6)-GAMMALN(0+1)+'Read me'!$B$6*LN('Read me'!$B$6/('Read me'!$B$6+L38))+0*LN(L38/('Read me'!$B$6+L38)))+EXP(GAMMALN(1+'Read me'!$B$6)-GAMMALN('Read me'!$B$6)-GAMMALN(1+1)+'Read me'!$B$6*LN('Read me'!$B$6/('Read me'!$B$6+L38))+1*LN(L38/('Read me'!$B$6+L38)))+EXP(GAMMALN(2+'Read me'!$B$6)-GAMMALN('Read me'!$B$6)-GAMMALN(2+1)+'Read me'!$B$6*LN('Read me'!$B$6/('Read me'!$B$6+L38))+2*LN(L38/('Read me'!$B$6+L38)))+EXP(GAMMALN(3+'Read me'!$B$6)-GAMMALN('Read me'!$B$6)-GAMMALN(3+1)+'Read me'!$B$6*LN('Read me'!$B$6/('Read me'!$B$6+L38))+3*LN(L38/('Read me'!$B$6+L38)))+EXP(GAMMALN(4+'Read me'!$B$6)-GAMMALN('Read me'!$B$6)-GAMMALN(4+1)+'Read me'!$B$6*LN('Read me'!$B$6/('Read me'!$B$6+L38))+4*LN(L38/('Read me'!$B$6+L38)))),"") | N38: 0 | O38: =IFERROR(1/M38,"") | Q38: =IF(P38="","",P38*M38-1) | R38: =IF(Q38="","awaiting price",IF(Q38>='Read me'!$B$7,"BET",IF(Q38>=0,"thin","no bet")))
A39: 46297 | B39: USA MLS | C39: Seattle Sounders v Sporting Kansas City | D39: Seattle Sounders | E39: Home | F39: Team over | G39: 3+ team corners | H39: 8 | I39: 8 | J39: 5/5 | K39: 6 | L39: 5.34 | M39: =IFERROR(1-(EXP(GAMMALN(0+'Read me'!$B$6)-GAMMALN('Read me'!$B$6)-GAMMALN(0+1)+'Read me'!$B$6*LN('Read me'!$B$6/('Read me'!$B$6+L39))+0*LN(L39/('Read me'!$B$6+L39)))+EXP(GAMMALN(1+'Read me'!$B$6)-GAMMALN('Read me'!$B$6)-GAMMALN(1+1)+'Read me'!$B$6*LN('Read me'!$B$6/('Read me'!$B$6+L39))+1*LN(L39/('Read me'!$B$6+L39)))+EXP(GAMMALN(2+'Read me'!$B$6)-GAMMALN('Read me'!$B$6)-GAMMALN(2+1)+'Read me'!$B$6*LN('Read me'!$B$6/('Read me'!$B$6+L39))+2*LN(L39/('Read me'!$B$6+L39)))),"") | N39: 0 | O39: =IFERROR(1/M39,"") | Q39: =IF(P39="","",P39*M39-1) | R39: =IF(Q39="","awaiting price",IF(Q39>='Read me'!$B$7,"BET",IF(Q39>=0,"thin","no bet")))
A40: 46298 | B40: Netherlands Eerste Divisie | C40: Den Bosch v Dordrecht | D40: Den Bosch | E40: Home | F40: Team over | G40: 5+ team corners | H40: 8 | I40: 8 | J40: 5/5 | K40: 9.6 | L40: 5.87 | M40: =IFERROR(1-(EXP(GAMMALN(0+'Read me'!$B$6)-GAMMALN('Read me'!$B$6)-GAMMALN(0+1)+'Read me'!$B$6*LN('Read me'!$B$6/('Read me'!$B$6+L40))+0*LN(L40/('Read me'!$B$6+L40)))+EXP(GAMMALN(1+'Read me'!$B$6)-GAMMALN('Read me'!$B$6)-GAMMALN(1+1)+'Read me'!$B$6*LN('Read me'!$B$6/('Read me'!$B$6+L40))+1*LN(L40/('Read me'!$B$6+L40)))+EXP(GAMMALN(2+'Read me'!$B$6)-GAMMALN('Read me'!$B$6)-GAMMALN(2+1)+'Read me'!$B$6*LN('Read me'!$B$6/('Read me'!$B$6+L40))+2*LN(L40/('Read me'!$B$6+L40)))+EXP(GAMMALN(3+'Read me'!$B$6)-GAMMALN('Read me'!$B$6)-GAMMALN(3+1)+'Read me'!$B$6*LN('Read me'!$B$6/('Read me'!$B$6+L40))+3*LN(L40/('Read me'!$B$6+L40)))+EXP(GAMMALN(4+'Read me'!$B$6)-GAMMALN('Read me'!$B$6)-GAMMALN(4+1)+'Read me'!$B$6*LN('Read me'!$B$6/('Read me'!$B$6+L40))+4*LN(L40/('Read me'!$B$6+L40)))),"") | N40: 0 | O40: =IFERROR(1/M40,"") | Q40: =IF(P40="","",P40*M40-1) | R40: =IF(Q40="","awaiting price",IF(Q40>='Read me'!$B$7,"BET",IF(Q40>=0,"thin","no bet")))
A41: 46298 | B41: Netherlands Eerste Divisie | C41: Vitesse v NAC Breda | D41: NAC Breda | E41: Away | F41: Team over | G41: 4+ team corners | H41: 8 | I41: 8 | J41: 5/5 | K41: 7.4 | L41: 4.07 | M41: =IFERROR(1-(EXP(GAMMALN(0+'Read me'!$B$6)-GAMMALN('Read me'!$B$6)-GAMMALN(0+1)+'Read me'!$B$6*LN('Read me'!$B$6/('Read me'!$B$6+L41))+0*LN(L41/('Read me'!$B$6+L41)))+EXP(GAMMALN(1+'Read me'!$B$6)-GAMMALN('Read me'!$B$6)-GAMMALN(1+1)+'Read me'!$B$6*LN('Read me'!$B$6/('Read me'!$B$6+L41))+1*LN(L41/('Read me'!$B$6+L41)))+EXP(GAMMALN(2+'Read me'!$B$6)-GAMMALN('Read me'!$B$6)-GAMMALN(2+1)+'Read me'!$B$6*LN('Read me'!$B$6/('Read me'!$B$6+L41))+2*LN(L41/('Read me'!$B$6+L41)))+EXP(GAMMALN(3+'Read me'!$B$6)-GAMMALN('Read me'!$B$6)-GAMMALN(3+1)+'Read me'!$B$6*LN('Read me'!$B$6/('Read me'!$B$6+L41))+3*LN(L41/('Read me'!$B$6+L41)))),"") | N41: 0 | O41: =IFERROR(1/M41,"") | Q41: =IF(P41="","",P41*M41-1) | R41: =IF(Q41="","awaiting price",IF(Q41>='Read me'!$B$7,"BET",IF(Q41>=0,"thin","no bet")))
A42: 46298 | B42: England League Two | C42: Barnet v York | D42: York | E42: Away | F42: Team over | G42: 4+ team corners | H42: 8 | I42: 8 | J42: 5/5 | K42: 5.4 | L42: 5.49 | M42: =IFERROR(1-(EXP(GAMMALN(0+'Read me'!$B$6)-GAMMALN('Read me'!$B$6)-GAMMALN(0+1)+'Read me'!$B$6*LN('Read me'!$B$6/('Read me'!$B$6+L42))+0*LN(L42/('Read me'!$B$6+L42)))+EXP(GAMMALN(1+'Read me'!$B$6)-GAMMALN('Read me'!$B$6)-GAMMALN(1+1)+'Read me'!$B$6*LN('Read me'!$B$6/('Read me'!$B$6+L42))+1*LN(L42/('Read me'!$B$6+L42)))+EXP(GAMMALN(2+'Read me'!$B$6)-GAMMALN('Read me'!$B$6)-GAMMALN(2+1)+'Read me'!$B$6*LN('Read me'!$B$6/('Read me'!$B$6+L42))+2*LN(L42/('Read me'!$B$6+L42)))+EXP(GAMMALN(3+'Read me'!$B$6)-GAMMALN('Read me'!$B$6)-GAMMALN(3+1)+'Read me'!$B$6*LN('Read me'!$B$6/('Read me'!$B$6+L42))+3*LN(L42/('Read me'!$B$6+L42)))),"") | N42: 0 | O42: =IFERROR(1/M42,"") | Q42: =IF(P42="","",P42*M42-1) | R42: =IF(Q42="","awaiting price",IF(Q42>='Read me'!$B$7,"BET",IF(Q42>=0,"thin","no bet")))
A43: 46298 | B43: England League One | C43: Reading v Bradford | D43: Reading | E43: Home | F43: Team over | G43: 3+ team corners | H43: 8 | I43: 8 | J43: 5/5 | K43: 5 | L43: 5.04 | M43: =IFERROR(1-(EXP(GAMMALN(0+'Read me'!$B$6)-GAMMALN('Read me'!$B$6)-GAMMALN(0+1)+'Read me'!$B$6*LN('Read me'!$B$6/('Read me'!$B$6+L43))+0*LN(L43/('Read me'!$B$6+L43)))+EXP(GAMMALN(1+'Read me'!$B$6)-GAMMALN('Read me'!$B$6)-GAMMALN(1+1)+'Read me'!$B$6*LN('Read me'!$B$6/('Read me'!$B$6+L43))+1*LN(L43/('Read me'!$B$6+L43)))+EXP(GAMMALN(2+'Read me'!$B$6)-GAMMALN('Read me'!$B$6)-GAMMALN(2+1)+'Read me'!$B$6*LN('Read me'!$B$6/('Read me'!$B$6+L43))+2*LN(L43/('Read me'!$B$6+L43)))),"") | N43: 0 | O43: =IFERROR(1/M43,"") | Q43: =IF(P43="","",P43*M43-1) | R43: =IF(Q43="","awaiting price",IF(Q43>='Read me'!$B$7,"BET",IF(Q43>=0,"thin","no bet")))
A44: 46298 | B44: Argentina Liga Profesional | C44: Defensa Y Justicia v San Lorenzo | D44: San Lorenzo | E44: Away | F44: Team under | G44: under 6 team corners | H44: 8 | I44: 8 | J44: 3/3 | K44: 3.2 | L44: 3.5 | M44: =IFERROR((EXP(GAMMALN(0+'Read me'!$B$6)-GAMMALN('Read me'!$B$6)-GAMMALN(0+1)+'Read me'!$B$6*LN('Read me'!$B$6/('Read me'!$B$6+L44))+0*LN(L44/('Read me'!$B$6+L44)))+EXP(GAMMALN(1+'Read me'!$B$6)-GAMMALN('Read me'!$B$6)-GAMMALN(1+1)+'Read me'!$B$6*LN('Read me'!$B$6/('Read me'!$B$6+L44))+1*LN(L44/('Read me'!$B$6+L44)))+EXP(GAMMALN(2+'Read me'!$B$6)-GAMMALN('Read me'!$B$6)-GAMMALN(2+1)+'Read me'!$B$6*LN('Read me'!$B$6/('Read me'!$B$6+L44))+2*LN(L44/('Read me'!$B$6+L44)))+EXP(GAMMALN(3+'Read me'!$B$6)-GAMMALN('Read me'!$B$6)-GAMMALN(3+1)+'Read me'!$B$6*LN('Read me'!$B$6/('Read me'!$B$6+L44))+3*LN(L44/('Read me'!$B$6+L44)))+EXP(GAMMALN(4+'Read me'!$B$6)-GAMMALN('Read me'!$B$6)-GAMMALN(4+1)+'Read me'!$B$6*LN('Read me'!$B$6/('Read me'!$B$6+L44))+4*LN(L44/('Read me'!$B$6+L44)))+EXP(GAMMALN(5+'Read me'!$B$6)-GAMMALN('Read me'!$B$6)-GAMMALN(5+1)+'Read me'!$B$6*LN('Read me'!$B$6/('Read me'!$B$6+L44))+5*LN(L44/('Read me'!$B$6+L44)))),"") | N44: =IFERROR(EXP(GAMMALN(6+'Read me'!$B$6)-GAMMALN('Read me'!$B$6)-GAMMALN(6+1)+'Read me'!$B$6*LN('Read me'!$B$6/('Read me'!$B$6+L44))+6*LN(L44/('Read me'!$B$6+L44))),"") | O44: =IFERROR((1-N44)/M44,"") | Q44: =IF(P44="","",P44*M44+N44-1) | R44: =IF(Q44="","awaiting price",IF(Q44>='Read me'!$B$7,"BET",IF(Q44>=0,"thin","no bet")))
A45: 46298 | B45: England League Two | C45: Salford City v Fleetwood Town | D45: Fleetwood Town | E45: Away | F45: Match under | G45: under 12 match corners | H45: 8 | I45: 8 | J45: 4/4 | K45: 10.2 | L45: 9.8 | M45: =IFERROR(POISSON(12-1,L45,TRUE),"") | N45: =IFERROR(POISSON(12,L45,FALSE),"") | O45: =IFERROR((1-N45)/M45,"") | Q45: =IF(P45="","",P45*M45+N45-1) | R45: =IF(Q45="","awaiting price",IF(Q45>='Read me'!$B$7,"BET",IF(Q45>=0,"thin","no bet")))
A46: 46299 | B46: Argentina Liga Profesional | C46: Talleres Cordoba v Belgrano Cordoba | D46: Belgrano Cordoba | E46: Away | F46: Match under | G46: under 11 match corners | H46: 8 | I46: 8 | J46: 4/4 | K46: 9.6 | L46: 10.09 | M46: =IFERROR(POISSON(11-1,L46,TRUE),"") | N46: =IFERROR(POISSON(11,L46,FALSE),"") | O46: =IFERROR((1-N46)/M46,"") | Q46: =IF(P46="","",P46*M46+N46-1) | R46: =IF(Q46="","awaiting price",IF(Q46>='Read me'!$B$7,"BET",IF(Q46>=0,"thin","no bet")))
A47: 46300 | B47: Argentina Liga Profesional | C47: Velez Sarsfield v Platense | D47: Velez Sarsfield | E47: Home | F47: Team under | G47: under 6 team corners | H47: 8 | I47: 8 | J47: 4/4 | K47: 4 | L47: 5.1 | M47: =IFERROR((EXP(GAMMALN(0+'Read me'!$B$6)-GAMMALN('Read me'!$B$6)-GAMMALN(0+1)+'Read me'!$B$6*LN('Read me'!$B$6/('Read me'!$B$6+L47))+0*LN(L47/('Read me'!$B$6+L47)))+EXP(GAMMALN(1+'Read me'!$B$6)-GAMMALN('Read me'!$B$6)-GAMMALN(1+1)+'Read me'!$B$6*LN('Read me'!$B$6/('Read me'!$B$6+L47))+1*LN(L47/('Read me'!$B$6+L47)))+EXP(GAMMALN(2+'Read me'!$B$6)-GAMMALN('Read me'!$B$6)-GAMMALN(2+1)+'Read me'!$B$6*LN('Read me'!$B$6/('Read me'!$B$6+L47))+2*LN(L47/('Read me'!$B$6+L47)))+EXP(GAMMALN(3+'Read me'!$B$6)-GAMMALN('Read me'!$B$6)-GAMMALN(3+1)+'Read me'!$B$6*LN('Read me'!$B$6/('Read me'!$B$6+L47))+3*LN(L47/('Read me'!$B$6+L47)))+EXP(GAMMALN(4+'Read me'!$B$6)-GAMMALN('Read me'!$B$6)-GAMMALN(4+1)+'Read me'!$B$6*LN('Read me'!$B$6/('Read me'!$B$6+L47))+4*LN(L47/('Read me'!$B$6+L47)))+EXP(GAMMALN(5+'Read me'!$B$6)-GAMMALN('Read me'!$B$6)-GAMMALN(5+1)+'Read me'!$B$6*LN('Read me'!$B$6/('Read me'!$B$6+L47))+5*LN(L47/('Read me'!$B$6+L47)))),"") | N47: =IFERROR(EXP(GAMMALN(6+'Read me'!$B$6)-GAMMALN('Read me'!$B$6)-GAMMALN(6+1)+'Read me'!$B$6*LN('Read me'!$B$6/('Read me'!$B$6+L47))+6*LN(L47/('Read me'!$B$6+L47))),"") | O47: =IFERROR((1-N47)/M47,"") | Q47: =IF(P47="","",P47*M47+N47-1) | R47: =IF(Q47="","awaiting price",IF(Q47>='Read me'!$B$7,"BET",IF(Q47>=0,"thin","no bet")))
A48: 46300 | B48: Argentina Liga Profesional | C48: Velez Sarsfield v Platense | D48: Platense | E48: Away | F48: Team under | G48: under 7 team corners | H48: 8 | I48: 8 | J48: 4/4 | K48: 4.4 | L48: 3.9 | M48: =IFERROR((EXP(GAMMALN(0+'Read me'!$B$6)-GAMMALN('Read me'!$B$6)-GAMMALN(0+1)+'Read me'!$B$6*LN('Read me'!$B$6/('Read me'!$B$6+L48))+0*LN(L48/('Read me'!$B$6+L48)))+EXP(GAMMALN(1+'Read me'!$B$6)-GAMMALN('Read me'!$B$6)-GAMMALN(1+1)+'Read me'!$B$6*LN('Read me'!$B$6/('Read me'!$B$6+L48))+1*LN(L48/('Read me'!$B$6+L48)))+EXP(GAMMALN(2+'Read me'!$B$6)-GAMMALN('Read me'!$B$6)-GAMMALN(2+1)+'Read me'!$B$6*LN('Read me'!$B$6/('Read me'!$B$6+L48))+2*LN(L48/('Read me'!$B$6+L48)))+EXP(GAMMALN(3+'Read me'!$B$6)-GAMMALN('Read me'!$B$6)-GAMMALN(3+1)+'Read me'!$B$6*LN('Read me'!$B$6/('Read me'!$B$6+L48))+3*LN(L48/('Read me'!$B$6+L48)))+EXP(GAMMALN(4+'Read me'!$B$6)-GAMMALN('Read me'!$B$6)-GAMMALN(4+1)+'Read me'!$B$6*LN('Read me'!$B$6/('Read me'!$B$6+L48))+4*LN(L48/('Read me'!$B$6+L48)))+EXP(GAMMALN(5+'Read me'!$B$6)-GAMMALN('Read me'!$B$6)-GAMMALN(5+1)+'Read me'!$B$6*LN('Read me'!$B$6/('Read me'!$B$6+L48))+5*LN(L48/('Read me'!$B$6+L48)))+EXP(GAMMALN(6+'Read me'!$B$6)-GAMMALN('Read me'!$B$6)-GAMMALN(6+1)+'Read me'!$B$6*LN('Read me'!$B$6/('Read me'!$B$6+L48))+6*LN(L48/('Read me'!$B$6+L48)))),"") | N48: =IFERROR(EXP(GAMMALN(7+'Read me'!$B$6)-GAMMALN('Read me'!$B$6)-GAMMALN(7+1)+'Read me'!$B$6*LN('Read me'!$B$6/('Read me'!$B$6+L48))+7*LN(L48/('Read me'!$B$6+L48))),"") | O48: =IFERROR((1-N48)/M48,"") | Q48: =IF(P48="","",P48*M48+N48-1) | R48: =IF(Q48="","awaiting price",IF(Q48>='Read me'!$B$7,"BET",IF(Q48>=0,"thin","no bet")))
A49: 46302 | B49: Brazil Série A | C49: Botafogo v Vasco DA Gama | D49: Vasco DA Gama | E49: Away | F49: Team over | G49: 3+ team corners | H49: 8 | I49: 10 | J49: 5/5 | K49: 7.4 | L49: 4.75 | M49: =IFERROR(1-(EXP(GAMMALN(0+'Read me'!$B$6)-GAMMALN('Read me'!$B$6)-GAMMALN(0+1)+'Read me'!$B$6*LN('Read me'!$B$6/('Read me'!$B$6+L49))+0*LN(L49/('Read me'!$B$6+L49)))+EXP(GAMMALN(1+'Read me'!$B$6)-GAMMALN('Read me'!$B$6)-GAMMALN(1+1)+'Read me'!$B$6*LN('Read me'!$B$6/('Read me'!$B$6+L49))+1*LN(L49/('Read me'!$B$6+L49)))+EXP(GAMMALN(2+'Read me'!$B$6)-GAMMALN('Read me'!$B$6)-GAMMALN(2+1)+'Read me'!$B$6*LN('Read me'!$B$6/('Read me'!$B$6+L49))+2*LN(L49/('Read me'!$B$6+L49)))),"") | N49: 0 | O49: =IFERROR(1/M49,"") | Q49: =IF(P49="","",P49*M49-1) | R49: =IF(Q49="","awaiting price",IF(Q49>='Read me'!$B$7,"BET",IF(Q49>=0,"thin","no bet")))
A50: 46302 | B50: Brazil Série A | C50: Botafogo v Vasco DA Gama | D50: Botafogo | E50: Home | F50: Team over | G50: 3+ team corners | H50: 8 | I50: 10 | J50: 5/5 | K50: 4 | L50: 5.38 | M50: =IFERROR(1-(EXP(GAMMALN(0+'Read me'!$B$6)-GAMMALN('Read me'!$B$6)-GAMMALN(0+1)+'Read me'!$B$6*LN('Read me'!$B$6/('Read me'!$B$6+L50))+0*LN(L50/('Read me'!$B$6+L50)))+EXP(GAMMALN(1+'Read me'!$B$6)-GAMMALN('Read me'!$B$6)-GAMMALN(1+1)+'Read me'!$B$6*LN('Read me'!$B$6/('Read me'!$B$6+L50))+1*LN(L50/('Read me'!$B$6+L50)))+EXP(GAMMALN(2+'Read me'!$B$6)-GAMMALN('Read me'!$B$6)-GAMMALN(2+1)+'Read me'!$B$6*LN('Read me'!$B$6/('Read me'!$B$6+L50))+2*LN(L50/('Read me'!$B$6+L50)))),"") | N50: 0 | O50: =IFERROR(1/M50,"") | Q50: =IF(P50="","",P50*M50-1) | R50: =IF(Q50="","awaiting price",IF(Q50>='Read me'!$B$7,"BET",IF(Q50>=0,"thin","no bet")))
A51: 46302 | B51: Brazil Série A | C51: Internacional v Corinthians | D51: Internacional | E51: Home | F51: Match under | G51: under 11 match corners | H51: 8 | I51: 8 | J51: 4/4 | K51: 7 | L51: 10.39 | M51: =IFERROR(POISSON(11-1,L51,TRUE),"") | N51: =IFERROR(POISSON(11,L51,FALSE),"") | O51: =IFERROR((1-N51)/M51,"") | Q51: =IF(P51="","",P51*M51+N51-1) | R51: =IF(Q51="","awaiting price",IF(Q51>='Read me'!$B$7,"BET",IF(Q51>=0,"thin","no bet")))
A52: 46297 | B52: Brazil Série A | C52: Sao Paulo v Santos | D52: Sao Paulo | E52: Home | F52: Team over | G52: 3+ team corners | H52: 7 | I52: 12 | J52: 5/5 | K52: 7.4 | L52: 7.44 | M52: =IFERROR(1-(EXP(GAMMALN(0+'Read me'!$B$6)-GAMMALN('Read me'!$B$6)-GAMMALN(0+1)+'Read me'!$B$6*LN('Read me'!$B$6/('Read me'!$B$6+L52))+0*LN(L52/('Read me'!$B$6+L52)))+EXP(GAMMALN(1+'Read me'!$B$6)-GAMMALN('Read me'!$B$6)-GAMMALN(1+1)+'Read me'!$B$6*LN('Read me'!$B$6/('Read me'!$B$6+L52))+1*LN(L52/('Read me'!$B$6+L52)))+EXP(GAMMALN(2+'Read me'!$B$6)-GAMMALN('Read me'!$B$6)-GAMMALN(2+1)+'Read me'!$B$6*LN('Read me'!$B$6/('Read me'!$B$6+L52))+2*LN(L52/('Read me'!$B$6+L52)))),"") | N52: 0 | O52: =IFERROR(1/M52,"") | Q52: =IF(P52="","",P52*M52-1) | R52: =IF(Q52="","awaiting price",IF(Q52>='Read me'!$B$7,"BET",IF(Q52>=0,"thin","no bet")))
A53: 46297 | B53: Brazil Série B | C53: Juventude v Operario-PR | D53: Juventude | E53: Home | F53: Match under | G53: under 12 match corners | H53: 7 | I53: 8 | J53: 4/4 | K53: 7.8 | L53: 9.03 | M53: =IFERROR(POISSON(12-1,L53,TRUE),"") | N53: =IFERROR(POISSON(12,L53,FALSE),"") | O53: =IFERROR((1-N53)/M53,"") | Q53: =IF(P53="","",P53*M53+N53-1) | R53: =IF(Q53="","awaiting price",IF(Q53>='Read me'!$B$7,"BET",IF(Q53>=0,"thin","no bet")))
A54: 46298 | B54: England League One | C54: Wigan v Mansfield Town | D54: Wigan | E54: Home | F54: Team over | G54: 4+ team corners | H54: 7 | I54: 7 | J54: 5/5 | K54: 6.2 | L54: 5.07 | M54: =IFERROR(1-(EXP(GAMMALN(0+'Read me'!$B$6)-GAMMALN('Read me'!$B$6)-GAMMALN(0+1)+'Read me'!$B$6*LN('Read me'!$B$6/('Read me'!$B$6+L54))+0*LN(L54/('Read me'!$B$6+L54)))+EXP(GAMMALN(1+'Read me'!$B$6)-GAMMALN('Read me'!$B$6)-GAMMALN(1+1)+'Read me'!$B$6*LN('Read me'!$B$6/('Read me'!$B$6+L54))+1*LN(L54/('Read me'!$B$6+L54)))+EXP(GAMMALN(2+'Read me'!$B$6)-GAMMALN('Read me'!$B$6)-GAMMALN(2+1)+'Read me'!$B$6*LN('Read me'!$B$6/('Read me'!$B$6+L54))+2*LN(L54/('Read me'!$B$6+L54)))+EXP(GAMMALN(3+'Read me'!$B$6)-GAMMALN('Read me'!$B$6)-GAMMALN(3+1)+'Read me'!$B$6*LN('Read me'!$B$6/('Read me'!$B$6+L54))+3*LN(L54/('Read me'!$B$6+L54)))),"") | N54: 0 | O54: =IFERROR(1/M54,"") | Q54: =IF(P54="","",P54*M54-1) | R54: =IF(Q54="","awaiting price",IF(Q54>='Read me'!$B$7,"BET",IF(Q54>=0,"thin","no bet")))
A55: 46298 | B55: Brazil Série B | C55: Atletico Goianiense v America Mineiro | D55: Atletico Goianiense | E55: Home | F55: Team over | G55: 3+ team corners | H55: 7 | I55: 7 | J55: 5/5 | K55: 5.2 | L55: 6.72 | M55: =IFERROR(1-(EXP(GAMMALN(0+'Read me'!$B$6)-GAMMALN('Read me'!$B$6)-GAMMALN(0+1)+'Read me'!$B$6*LN('Read me'!$B$6/('Read me'!$B$6+L55))+0*LN(L55/('Read me'!$B$6+L55)))+EXP(GAMMALN(1+'Read me'!$B$6)-GAMMALN('Read me'!$B$6)-GAMMALN(1+1)+'Read me'!$B$6*LN('Read me'!$B$6/('Read me'!$B$6+L55))+1*LN(L55/('Read me'!$B$6+L55)))+EXP(GAMMALN(2+'Read me'!$B$6)-GAMMALN('Read me'!$B$6)-GAMMALN(2+1)+'Read me'!$B$6*LN('Read me'!$B$6/('Read me'!$B$6+L55))+2*LN(L55/('Read me'!$B$6+L55)))),"") | N55: 0 | O55: =IFERROR(1/M55,"") | Q55: =IF(P55="","",P55*M55-1) | R55: =IF(Q55="","awaiting price",IF(Q55>='Read me'!$B$7,"BET",IF(Q55>=0,"thin","no bet")))
A56: 46298 | B56: England League Two | C56: Salford City v Fleetwood Town | D56: Fleetwood Town | E56: Away | F56: Team over | G56: 3+ team corners | H56: 7 | I56: 7 | J56: 5/5 | K56: 4.8 | L56: 3.77 | M56: =IFERROR(1-(EXP(GAMMALN(0+'Read me'!$B$6)-GAMMALN('Read me'!$B$6)-GAMMALN(0+1)+'Read me'!$B$6*LN('Read me'!$B$6/('Read me'!$B$6+L56))+0*LN(L56/('Read me'!$B$6+L56)))+EXP(GAMMALN(1+'Read me'!$B$6)-GAMMALN('Read me'!$B$6)-GAMMALN(1+1)+'Read me'!$B$6*LN('Read me'!$B$6/('Read me'!$B$6+L56))+1*LN(L56/('Read me'!$B$6+L56)))+EXP(GAMMALN(2+'Read me'!$B$6)-GAMMALN('Read me'!$B$6)-GAMMALN(2+1)+'Read me'!$B$6*LN('Read me'!$B$6/('Read me'!$B$6+L56))+2*LN(L56/('Read me'!$B$6+L56)))),"") | N56: 0 | O56: =IFERROR(1/M56,"") | Q56: =IF(P56="","",P56*M56-1) | R56: =IF(Q56="","awaiting price",IF(Q56>='Read me'!$B$7,"BET",IF(Q56>=0,"thin","no bet")))
A57: 46298 | B57: Brazil Série B | C57: Atletico Goianiense v America Mineiro | D57: America Mineiro | E57: Away | F57: Team over | G57: 3+ team corners | H57: 7 | I57: 7 | J57: 5/5 | K57: 4.2 | L57: 4.4 | M57: =IFERROR(1-(EXP(GAMMALN(0+'Read me'!$B$6)-GAMMALN('Read me'!$B$6)-GAMMALN(0+1)+'Read me'!$B$6*LN('Read me'!$B$6/('Read me'!$B$6+L57))+0*LN(L57/('Read me'!$B$6+L57)))+EXP(GAMMALN(1+'Read me'!$B$6)-GAMMALN('Read me'!$B$6)-GAMMALN(1+1)+'Read me'!$B$6*LN('Read me'!$B$6/('Read me'!$B$6+L57))+1*LN(L57/('Read me'!$B$6+L57)))+EXP(GAMMALN(2+'Read me'!$B$6)-GAMMALN('Read me'!$B$6)-GAMMALN(2+1)+'Read me'!$B$6*LN('Read me'!$B$6/('Read me'!$B$6+L57))+2*LN(L57/('Read me'!$B$6+L57)))),"") | N57: 0 | O57: =IFERROR(1/M57,"") | Q57: =IF(P57="","",P57*M57-1) | R57: =IF(Q57="","awaiting price",IF(Q57>='Read me'!$B$7,"BET",IF(Q57>=0,"thin","no bet")))
A58: 46298 | B58: Netherlands Eerste Divisie | C58: FC Eindhoven v De Graafschap | D58: FC Eindhoven | E58: Home | F58: Team under | G58: under 6 team corners | H58: 7 | I58: 7 | J58: 4/4 | K58: 2.8 | L58: 5.21 | M58: =IFERROR((EXP(GAMMALN(0+'Read me'!$B$6)-GAMMALN('Read me'!$B$6)-GAMMALN(0+1)+'Read me'!$B$6*LN('Read me'!$B$6/('Read me'!$B$6+L58))+0*LN(L58/('Read me'!$B$6+L58)))+EXP(GAMMALN(1+'Read me'!$B$6)-GAMMALN('Read me'!$B$6)-GAMMALN(1+1)+'Read me'!$B$6*LN('Read me'!$B$6/('Read me'!$B$6+L58))+1*LN(L58/('Read me'!$B$6+L58)))+EXP(GAMMALN(2+'Read me'!$B$6)-GAMMALN('Read me'!$B$6)-GAMMALN(2+1)+'Read me'!$B$6*LN('Read me'!$B$6/('Read me'!$B$6+L58))+2*LN(L58/('Read me'!$B$6+L58)))+EXP(GAMMALN(3+'Read me'!$B$6)-GAMMALN('Read me'!$B$6)-GAMMALN(3+1)+'Read me'!$B$6*LN('Read me'!$B$6/('Read me'!$B$6+L58))+3*LN(L58/('Read me'!$B$6+L58)))+EXP(GAMMALN(4+'Read me'!$B$6)-GAMMALN('Read me'!$B$6)-GAMMALN(4+1)+'Read me'!$B$6*LN('Read me'!$B$6/('Read me'!$B$6+L58))+4*LN(L58/('Read me'!$B$6+L58)))+EXP(GAMMALN(5+'Read me'!$B$6)-GAMMALN('Read me'!$B$6)-GAMMALN(5+1)+'Read me'!$B$6*LN('Read me'!$B$6/('Read me'!$B$6+L58))+5*LN(L58/('Read me'!$B$6+L58)))),"") | N58: =IFERROR(EXP(GAMMALN(6+'Read me'!$B$6)-GAMMALN('Read me'!$B$6)-GAMMALN(6+1)+'Read me'!$B$6*LN('Read me'!$B$6/('Read me'!$B$6+L58))+6*LN(L58/('Read me'!$B$6+L58))),"") | O58: =IFERROR((1-N58)/M58,"") | Q58: =IF(P58="","",P58*M58+N58-1) | R58: =IF(Q58="","awaiting price",IF(Q58>='Read me'!$B$7,"BET",IF(Q58>=0,"thin","no bet")))
A59: 46298 | B59: Netherlands Eerste Divisie | C59: FC OSS v MVV | D59: MVV | E59: Away | F59: Team under | G59: under 6 team corners | H59: 7 | I59: 7 | J59: 4/4 | K59: 4.2 | L59: 4.19 | M59: =IFERROR((EXP(GAMMALN(0+'Read me'!$B$6)-GAMMALN('Read me'!$B$6)-GAMMALN(0+1)+'Read me'!$B$6*LN('Read me'!$B$6/('Read me'!$B$6+L59))+0*LN(L59/('Read me'!$B$6+L59)))+EXP(GAMMALN(1+'Read me'!$B$6)-GAMMALN('Read me'!$B$6)-GAMMALN(1+1)+'Read me'!$B$6*LN('Read me'!$B$6/('Read me'!$B$6+L59))+1*LN(L59/('Read me'!$B$6+L59)))+EXP(GAMMALN(2+'Read me'!$B$6)-GAMMALN('Read me'!$B$6)-GAMMALN(2+1)+'Read me'!$B$6*LN('Read me'!$B$6/('Read me'!$B$6+L59))+2*LN(L59/('Read me'!$B$6+L59)))+EXP(GAMMALN(3+'Read me'!$B$6)-GAMMALN('Read me'!$B$6)-GAMMALN(3+1)+'Read me'!$B$6*LN('Read me'!$B$6/('Read me'!$B$6+L59))+3*LN(L59/('Read me'!$B$6+L59)))+EXP(GAMMALN(4+'Read me'!$B$6)-GAMMALN('Read me'!$B$6)-GAMMALN(4+1)+'Read me'!$B$6*LN('Read me'!$B$6/('Read me'!$B$6+L59))+4*LN(L59/('Read me'!$B$6+L59)))+EXP(GAMMALN(5+'Read me'!$B$6)-GAMMALN('Read me'!$B$6)-GAMMALN(5+1)+'Read me'!$B$6*LN('Read me'!$B$6/('Read me'!$B$6+L59))+5*LN(L59/('Read me'!$B$6+L59)))),"") | N59: =IFERROR(EXP(GAMMALN(6+'Read me'!$B$6)-GAMMALN('Read me'!$B$6)-GAMMALN(6+1)+'Read me'!$B$6*LN('Read me'!$B$6/('Read me'!$B$6+L59))+6*LN(L59/('Read me'!$B$6+L59))),"") | O59: =IFERROR((1-N59)/M59,"") | Q59: =IF(P59="","",P59*M59+N59-1) | R59: =IF(Q59="","awaiting price",IF(Q59>='Read me'!$B$7,"BET",IF(Q59>=0,"thin","no bet")))
A60: 46298 | B60: England League Two | C60: Exeter City v Rotherham | D60: Rotherham | E60: Away | F60: Team under | G60: under 7 team corners | H60: 7 | I60: 7 | J60: 4/4 | K60: 4.4 | L60: 3.96 | M60: =IFERROR((EXP(GAMMALN(0+'Read me'!$B$6)-GAMMALN('Read me'!$B$6)-GAMMALN(0+1)+'Read me'!$B$6*LN('Read me'!$B$6/('Read me'!$B$6+L60))+0*LN(L60/('Read me'!$B$6+L60)))+EXP(GAMMALN(1+'Read me'!$B$6)-GAMMALN('Read me'!$B$6)-GAMMALN(1+1)+'Read me'!$B$6*LN('Read me'!$B$6/('Read me'!$B$6+L60))+1*LN(L60/('Read me'!$B$6+L60)))+EXP(GAMMALN(2+'Read me'!$B$6)-GAMMALN('Read me'!$B$6)-GAMMALN(2+1)+'Read me'!$B$6*LN('Read me'!$B$6/('Read me'!$B$6+L60))+2*LN(L60/('Read me'!$B$6+L60)))+EXP(GAMMALN(3+'Read me'!$B$6)-GAMMALN('Read me'!$B$6)-GAMMALN(3+1)+'Read me'!$B$6*LN('Read me'!$B$6/('Read me'!$B$6+L60))+3*LN(L60/('Read me'!$B$6+L60)))+EXP(GAMMALN(4+'Read me'!$B$6)-GAMMALN('Read me'!$B$6)-GAMMALN(4+1)+'Read me'!$B$6*LN('Read me'!$B$6/('Read me'!$B$6+L60))+4*LN(L60/('Read me'!$B$6+L60)))+EXP(GAMMALN(5+'Read me'!$B$6)-GAMMALN('Read me'!$B$6)-GAMMALN(5+1)+'Read me'!$B$6*LN('Read me'!$B$6/('Read me'!$B$6+L60))+5*LN(L60/('Read me'!$B$6+L60)))+EXP(GAMMALN(6+'Read me'!$B$6)-GAMMALN('Read me'!$B$6)-GAMMALN(6+1)+'Read me'!$B$6*LN('Read me'!$B$6/('Read me'!$B$6+L60))+6*LN(L60/('Read me'!$B$6+L60)))),"") | N60: =IFERROR(EXP(GAMMALN(7+'Read me'!$B$6)-GAMMALN('Read me'!$B$6)-GAMMALN(7+1)+'Read me'!$B$6*LN('Read me'!$B$6/('Read me'!$B$6+L60))+7*LN(L60/('Read me'!$B$6+L60))),"") | O60: =IFERROR((1-N60)/M60,"") | Q60: =IF(P60="","",P60*M60+N60-1) | R60: =IF(Q60="","awaiting price",IF(Q60>='Read me'!$B$7,"BET",IF(Q60>=0,"thin","no bet")))
A61: 46298 | B61: Netherlands Eerste Divisie | C61: Almere City FC v FC Volendam | D61: FC Volendam | E61: Away | F61: Team under | G61: under 8 team corners | H61: 7 | I61: 7 | J61: 4/4 | K61: 4 | L61: 3.22 | M61: =IFERROR((EXP(GAMMALN(0+'Read me'!$B$6)-GAMMALN('Read me'!$B$6)-GAMMALN(0+1)+'Read me'!$B$6*LN('Read me'!$B$6/('Read me'!$B$6+L61))+0*LN(L61/('Read me'!$B$6+L61)))+EXP(GAMMALN(1+'Read me'!$B$6)-GAMMALN('Read me'!$B$6)-GAMMALN(1+1)+'Read me'!$B$6*LN('Read me'!$B$6/('Read me'!$B$6+L61))+1*LN(L61/('Read me'!$B$6+L61)))+EXP(GAMMALN(2+'Read me'!$B$6)-GAMMALN('Read me'!$B$6)-GAMMALN(2+1)+'Read me'!$B$6*LN('Read me'!$B$6/('Read me'!$B$6+L61))+2*LN(L61/('Read me'!$B$6+L61)))+EXP(GAMMALN(3+'Read me'!$B$6)-GAMMALN('Read me'!$B$6)-GAMMALN(3+1)+'Read me'!$B$6*LN('Read me'!$B$6/('Read me'!$B$6+L61))+3*LN(L61/('Read me'!$B$6+L61)))+EXP(GAMMALN(4+'Read me'!$B$6)-GAMMALN('Read me'!$B$6)-GAMMALN(4+1)+'Read me'!$B$6*LN('Read me'!$B$6/('Read me'!$B$6+L61))+4*LN(L61/('Read me'!$B$6+L61)))+EXP(GAMMALN(5+'Read me'!$B$6)-GAMMALN('Read me'!$B$6)-GAMMALN(5+1)+'Read me'!$B$6*LN('Read me'!$B$6/('Read me'!$B$6+L61))+5*LN(L61/('Read me'!$B$6+L61)))+EXP(GAMMALN(6+'Read me'!$B$6)-GAMMALN('Read me'!$B$6)-GAMMALN(6+1)+'Read me'!$B$6*LN('Read me'!$B$6/('Read me'!$B$6+L61))+6*LN(L61/('Read me'!$B$6+L61)))+EXP(GAMMALN(7+'Read me'!$B$6)-GAMMALN('Read me'!$B$6)-GAMMALN(7+1)+'Read me'!$B$6*LN('Read me'!$B$6/('Read me'!$B$6+L61))+7*LN(L61/('Read me'!$B$6+L61)))),"") | N61: =IFERROR(EXP(GAMMALN(8+'Read me'!$B$6)-GAMMALN('Read me'!$B$6)-GAMMALN(8+1)+'Read me'!$B$6*LN('Read me'!$B$6/('Read me'!$B$6+L61))+8*LN(L61/('Read me'!$B$6+L61))),"") | O61: =IFERROR((1-N61)/M61,"") | Q61: =IF(P61="","",P61*M61+N61-1) | R61: =IF(Q61="","awaiting price",IF(Q61>='Read me'!$B$7,"BET",IF(Q61>=0,"thin","no bet")))
A62: 46298 | B62: Netherlands Eerste Divisie | C62: Den Bosch v Dordrecht | D62: Dordrecht | E62: Away | F62: Match under | G62: under 11 match corners | H62: 7 | I62: 7 | J62: 4/4 | K62: 8 | L62: 10.81 | M62: =IFERROR(POISSON(11-1,L62,TRUE),"") | N62: =IFERROR(POISSON(11,L62,FALSE),"") | O62: =IFERROR((1-N62)/M62,"") | Q62: =IF(P62="","",P62*M62+N62-1) | R62: =IF(Q62="","awaiting price",IF(Q62>='Read me'!$B$7,"BET",IF(Q62>=0,"thin","no bet")))
A63: 46300 | B63: Argentina Liga Profesional | C63: Estudiantes L.P. v Gimnasia M. | D63: Estudiantes L.P. | E63: Home | F63: Match under | G63: under 9 match corners | H63: 7 | I63: 7 | J63: 4/4 | K63: 6.6 | L63: 7.85 | M63: =IFERROR(POISSON(9-1,L63,TRUE),"") | N63: =IFERROR(POISSON(9,L63,FALSE),"") | O63: =IFERROR((1-N63)/M63,"") | Q63: =IF(P63="","",P63*M63+N63-1) | R63: =IF(Q63="","awaiting price",IF(Q63>='Read me'!$B$7,"BET",IF(Q63>=0,"thin","no bet")))
A64: 46297 | B64: Brazil Série B | C64: Londrina v Criciuma | D64: Londrina | E64: Home | F64: Team over | G64: 5+ team corners | H64: 6 | I64: 6 | J64: 5/5 | K64: 7.2 | L64: 4.8 | M64: =IFERROR(1-(EXP(GAMMALN(0+'Read me'!$B$6)-GAMMALN('Read me'!$B$6)-GAMMALN(0+1)+'Read me'!$B$6*LN('Read me'!$B$6/('Read me'!$B$6+L64))+0*LN(L64/('Read me'!$B$6+L64)))+EXP(GAMMALN(1+'Read me'!$B$6)-GAMMALN('Read me'!$B$6)-GAMMALN(1+1)+'Read me'!$B$6*LN('Read me'!$B$6/('Read me'!$B$6+L64))+1*LN(L64/('Read me'!$B$6+L64)))+EXP(GAMMALN(2+'Read me'!$B$6)-GAMMALN('Read me'!$B$6)-GAMMALN(2+1)+'Read me'!$B$6*LN('Read me'!$B$6/('Read me'!$B$6+L64))+2*LN(L64/('Read me'!$B$6+L64)))+EXP(GAMMALN(3+'Read me'!$B$6)-GAMMALN('Read me'!$B$6)-GAMMALN(3+1)+'Read me'!$B$6*LN('Read me'!$B$6/('Read me'!$B$6+L64))+3*LN(L64/('Read me'!$B$6+L64)))+EXP(GAMMALN(4+'Read me'!$B$6)-GAMMALN('Read me'!$B$6)-GAMMALN(4+1)+'Read me'!$B$6*LN('Read me'!$B$6/('Read me'!$B$6+L64))+4*LN(L64/('Read me'!$B$6+L64)))),"") | N64: 0 | O64: =IFERROR(1/M64,"") | Q64: =IF(P64="","",P64*M64-1) | R64: =IF(Q64="","awaiting price",IF(Q64>='Read me'!$B$7,"BET",IF(Q64>=0,"thin","no bet")))
A65: 46297 | B65: Brazil Série B | C65: Juventude v Operario-PR | D65: Operario-PR | E65: Away | F65: Team under | G65: under 7 team corners | H65: 6 | I65: 6 | J65: 4/4 | K65: 2.8 | L65: 3.2 | M65: =IFERROR((EXP(GAMMALN(0+'Read me'!$B$6)-GAMMALN('Read me'!$B$6)-GAMMALN(0+1)+'Read me'!$B$6*LN('Read me'!$B$6/('Read me'!$B$6+L65))+0*LN(L65/('Read me'!$B$6+L65)))+EXP(GAMMALN(1+'Read me'!$B$6)-GAMMALN('Read me'!$B$6)-GAMMALN(1+1)+'Read me'!$B$6*LN('Read me'!$B$6/('Read me'!$B$6+L65))+1*LN(L65/('Read me'!$B$6+L65)))+EXP(GAMMALN(2+'Read me'!$B$6)-GAMMALN('Read me'!$B$6)-GAMMALN(2+1)+'Read me'!$B$6*LN('Read me'!$B$6/('Read me'!$B$6+L65))+2*LN(L65/('Read me'!$B$6+L65)))+EXP(GAMMALN(3+'Read me'!$B$6)-GAMMALN('Read me'!$B$6)-GAMMALN(3+1)+'Read me'!$B$6*LN('Read me'!$B$6/('Read me'!$B$6+L65))+3*LN(L65/('Read me'!$B$6+L65)))+EXP(GAMMALN(4+'Read me'!$B$6)-GAMMALN('Read me'!$B$6)-GAMMALN(4+1)+'Read me'!$B$6*LN('Read me'!$B$6/('Read me'!$B$6+L65))+4*LN(L65/('Read me'!$B$6+L65)))+EXP(GAMMALN(5+'Read me'!$B$6)-GAMMALN('Read me'!$B$6)-GAMMALN(5+1)+'Read me'!$B$6*LN('Read me'!$B$6/('Read me'!$B$6+L65))+5*LN(L65/('Read me'!$B$6+L65)))+EXP(GAMMALN(6+'Read me'!$B$6)-GAMMALN('Read me'!$B$6)-GAMMALN(6+1)+'Read me'!$B$6*LN('Read me'!$B$6/('Read me'!$B$6+L65))+6*LN(L65/('Read me'!$B$6+L65)))),"") | N65: =IFERROR(EXP(GAMMALN(7+'Read me'!$B$6)-GAMMALN('Read me'!$B$6)-GAMMALN(7+1)+'Read me'!$B$6*LN('Read me'!$B$6/('Read me'!$B$6+L65))+7*LN(L65/('Read me'!$B$6+L65))),"") | O65: =IFERROR((1-N65)/M65,"") | Q65: =IF(P65="","",P65*M65+N65-1) | R65: =IF(Q65="","awaiting price",IF(Q65>='Read me'!$B$7,"BET",IF(Q65>=0,"thin","no bet")))
A66: 46298 | B66: Brazil Série B | C66: Fortaleza EC v Nautico Recife | D66: Nautico Recife | E66: Away | F66: Team over | G66: 4+ team corners | H66: 6 | I66: 7 | J66: 5/5 | K66: 6.8 | L66: 4.69 | M66: =IFERROR(1-(EXP(GAMMALN(0+'Read me'!$B$6)-GAMMALN('Read me'!$B$6)-GAMMALN(0+1)+'Read me'!$B$6*LN('Read me'!$B$6/('Read me'!$B$6+L66))+0*LN(L66/('Read me'!$B$6+L66)))+EXP(GAMMALN(1+'Read me'!$B$6)-GAMMALN('Read me'!$B$6)-GAMMALN(1+1)+'Read me'!$B$6*LN('Read me'!$B$6/('Read me'!$B$6+L66))+1*LN(L66/('Read me'!$B$6+L66)))+EXP(GAMMALN(2+'Read me'!$B$6)-GAMMALN('Read me'!$B$6)-GAMMALN(2+1)+'Read me'!$B$6*LN('Read me'!$B$6/('Read me'!$B$6+L66))+2*LN(L66/('Read me'!$B$6+L66)))+EXP(GAMMALN(3+'Read me'!$B$6)-GAMMALN('Read me'!$B$6)-GAMMALN(3+1)+'Read me'!$B$6*LN('Read me'!$B$6/('Read me'!$B$6+L66))+3*LN(L66/('Read me'!$B$6+L66)))),"") | N66: 0 | O66: =IFERROR(1/M66,"") | Q66: =IF(P66="","",P66*M66-1) | R66: =IF(Q66="","awaiting price",IF(Q66>='Read me'!$B$7,"BET",IF(Q66>=0,"thin","no bet")))
A67: 46298 | B67: Argentina Liga Profesional | C67: Atletico Tucuman v Barracas Central | D67: Barracas Central | E67: Away | F67: Team over | G67: 3+ team corners | H67: 6 | I67: 6 | J67: 5/5 | K67: 5 | L67: 3.34 | M67: =IFERROR(1-(EXP(GAMMALN(0+'Read me'!$B$6)-GAMMALN('Read me'!$B$6)-GAMMALN(0+1)+'Read me'!$B$6*LN('Read me'!$B$6/('Read me'!$B$6+L67))+0*LN(L67/('Read me'!$B$6+L67)))+EXP(GAMMALN(1+'Read me'!$B$6)-GAMMALN('Read me'!$B$6)-GAMMALN(1+1)+'Read me'!$B$6*LN('Read me'!$B$6/('Read me'!$B$6+L67))+1*LN(L67/('Read me'!$B$6+L67)))+EXP(GAMMALN(2+'Read me'!$B$6)-GAMMALN('Read me'!$B$6)-GAMMALN(2+1)+'Read me'!$B$6*LN('Read me'!$B$6/('Read me'!$B$6+L67))+2*LN(L67/('Read me'!$B$6+L67)))),"") | N67: 0 | O67: =IFERROR(1/M67,"") | Q67: =IF(P67="","",P67*M67-1) | R67: =IF(Q67="","awaiting price",IF(Q67>='Read me'!$B$7,"BET",IF(Q67>=0,"thin","no bet")))
A68: 46298 | B68: Netherlands Eerste Divisie | C68: FC OSS v MVV | D68: MVV | E68: Away | F68: Team over | G68: 3+ team corners | H68: 6 | I68: 6 | J68: 5/5 | K68: 4.2 | L68: 4.19 | M68: =IFERROR(1-(EXP(GAMMALN(0+'Read me'!$B$6)-GAMMALN('Read me'!$B$6)-GAMMALN(0+1)+'Read me'!$B$6*LN('Read me'!$B$6/('Read me'!$B$6+L68))+0*LN(L68/('Read me'!$B$6+L68)))+EXP(GAMMALN(1+'Read me'!$B$6)-GAMMALN('Read me'!$B$6)-GAMMALN(1+1)+'Read me'!$B$6*LN('Read me'!$B$6/('Read me'!$B$6+L68))+1*LN(L68/('Read me'!$B$6+L68)))+EXP(GAMMALN(2+'Read me'!$B$6)-GAMMALN('Read me'!$B$6)-GAMMALN(2+1)+'Read me'!$B$6*LN('Read me'!$B$6/('Read me'!$B$6+L68))+2*LN(L68/('Read me'!$B$6+L68)))),"") | N68: 0 | O68: =IFERROR(1/M68,"") | Q68: =IF(P68="","",P68*M68-1) | R68: =IF(Q68="","awaiting price",IF(Q68>='Read me'!$B$7,"BET",IF(Q68>=0,"thin","no bet")))
A69: 46298 | B69: Argentina Liga Profesional | C69: Independ. Rivadavia v Gimnasia L.P. | D69: Independ. Rivadavia | E69: Home | F69: Team under | G69: under 5 team corners | H69: 6 | I69: 6 | J69: 4/4 | K69: 2.6 | L69: 5.81 | M69: =IFERROR((EXP(GAMMALN(0+'Read me'!$B$6)-GAMMALN('Read me'!$B$6)-GAMMALN(0+1)+'Read me'!$B$6*LN('Read me'!$B$6/('Read me'!$B$6+L69))+0*LN(L69/('Read me'!$B$6+L69)))+EXP(GAMMALN(1+'Read me'!$B$6)-GAMMALN('Read me'!$B$6)-GAMMALN(1+1)+'Read me'!$B$6*LN('Read me'!$B$6/('Read me'!$B$6+L69))+1*LN(L69/('Read me'!$B$6+L69)))+EXP(GAMMALN(2+'Read me'!$B$6)-GAMMALN('Read me'!$B$6)-GAMMALN(2+1)+'Read me'!$B$6*LN('Read me'!$B$6/('Read me'!$B$6+L69))+2*LN(L69/('Read me'!$B$6+L69)))+EXP(GAMMALN(3+'Read me'!$B$6)-GAMMALN('Read me'!$B$6)-GAMMALN(3+1)+'Read me'!$B$6*LN('Read me'!$B$6/('Read me'!$B$6+L69))+3*LN(L69/('Read me'!$B$6+L69)))+EXP(GAMMALN(4+'Read me'!$B$6)-GAMMALN('Read me'!$B$6)-GAMMALN(4+1)+'Read me'!$B$6*LN('Read me'!$B$6/('Read me'!$B$6+L69))+4*LN(L69/('Read me'!$B$6+L69)))),"") | N69: =IFERROR(EXP(GAMMALN(5+'Read me'!$B$6)-GAMMALN('Read me'!$B$6)-GAMMALN(5+1)+'Read me'!$B$6*LN('Read me'!$B$6/('Read me'!$B$6+L69))+5*LN(L69/('Read me'!$B$6+L69))),"") | O69: =IFERROR((1-N69)/M69,"") | Q69: =IF(P69="","",P69*M69+N69-1) | R69: =IF(Q69="","awaiting price",IF(Q69>='Read me'!$B$7,"BET",IF(Q69>=0,"thin","no bet")))
A70: 46298 | B70: England League Two | C70: Rochdale v Swindon Town | D70: Rochdale | E70: Home | F70: Team under | G70: under 6 team corners | H70: 6 | I70: 6 | J70: 4/4 | K70: 3.2 | L70: 6 | M70: =IFERROR((EXP(GAMMALN(0+'Read me'!$B$6)-GAMMALN('Read me'!$B$6)-GAMMALN(0+1)+'Read me'!$B$6*LN('Read me'!$B$6/('Read me'!$B$6+L70))+0*LN(L70/('Read me'!$B$6+L70)))+EXP(GAMMALN(1+'Read me'!$B$6)-GAMMALN('Read me'!$B$6)-GAMMALN(1+1)+'Read me'!$B$6*LN('Read me'!$B$6/('Read me'!$B$6+L70))+1*LN(L70/('Read me'!$B$6+L70)))+EXP(GAMMALN(2+'Read me'!$B$6)-GAMMALN('Read me'!$B$6)-GAMMALN(2+1)+'Read me'!$B$6*LN('Read me'!$B$6/('Read me'!$B$6+L70))+2*LN(L70/('Read me'!$B$6+L70)))+EXP(GAMMALN(3+'Read me'!$B$6)-GAMMALN('Read me'!$B$6)-GAMMALN(3+1)+'Read me'!$B$6*LN('Read me'!$B$6/('Read me'!$B$6+L70))+3*LN(L70/('Read me'!$B$6+L70)))+EXP(GAMMALN(4+'Read me'!$B$6)-GAMMALN('Read me'!$B$6)-GAMMALN(4+1)+'Read me'!$B$6*LN('Read me'!$B$6/('Read me'!$B$6+L70))+4*LN(L70/('Read me'!$B$6+L70)))+EXP(GAMMALN(5+'Read me'!$B$6)-GAMMALN('Read me'!$B$6)-GAMMALN(5+1)+'Read me'!$B$6*LN('Read me'!$B$6/('Read me'!$B$6+L70))+5*LN(L70/('Read me'!$B$6+L70)))),"") | N70: =IFERROR(EXP(GAMMALN(6+'Read me'!$B$6)-GAMMALN('Read me'!$B$6)-GAMMALN(6+1)+'Read me'!$B$6*LN('Read me'!$B$6/('Read me'!$B$6+L70))+6*LN(L70/('Read me'!$B$6+L70))),"") | O70: =IFERROR((1-N70)/M70,"") | Q70: =IF(P70="","",P70*M70+N70-1) | R70: =IF(Q70="","awaiting price",IF(Q70>='Read me'!$B$7,"BET",IF(Q70>=0,"thin","no bet")))
A71: 46298 | B71: England League Two | C71: Accrington ST v Cheltenham | D71: Accrington ST | E71: Home | F71: Team under | G71: under 7 team corners | H71: 6 | I71: 11 | J71: 4/4 | K71: 3.6 | L71: 4.07 | M71: =IFERROR((EXP(GAMMALN(0+'Read me'!$B$6)-GAMMALN('Read me'!$B$6)-GAMMALN(0+1)+'Read me'!$B$6*LN('Read me'!$B$6/('Read me'!$B$6+L71))+0*LN(L71/('Read me'!$B$6+L71)))+EXP(GAMMALN(1+'Read me'!$B$6)-GAMMALN('Read me'!$B$6)-GAMMALN(1+1)+'Read me'!$B$6*LN('Read me'!$B$6/('Read me'!$B$6+L71))+1*LN(L71/('Read me'!$B$6+L71)))+EXP(GAMMALN(2+'Read me'!$B$6)-GAMMALN('Read me'!$B$6)-GAMMALN(2+1)+'Read me'!$B$6*LN('Read me'!$B$6/('Read me'!$B$6+L71))+2*LN(L71/('Read me'!$B$6+L71)))+EXP(GAMMALN(3+'Read me'!$B$6)-GAMMALN('Read me'!$B$6)-GAMMALN(3+1)+'Read me'!$B$6*LN('Read me'!$B$6/('Read me'!$B$6+L71))+3*LN(L71/('Read me'!$B$6+L71)))+EXP(GAMMALN(4+'Read me'!$B$6)-GAMMALN('Read me'!$B$6)-GAMMALN(4+1)+'Read me'!$B$6*LN('Read me'!$B$6/('Read me'!$B$6+L71))+4*LN(L71/('Read me'!$B$6+L71)))+EXP(GAMMALN(5+'Read me'!$B$6)-GAMMALN('Read me'!$B$6)-GAMMALN(5+1)+'Read me'!$B$6*LN('Read me'!$B$6/('Read me'!$B$6+L71))+5*LN(L71/('Read me'!$B$6+L71)))+EXP(GAMMALN(6+'Read me'!$B$6)-GAMMALN('Read me'!$B$6)-GAMMALN(6+1)+'Read me'!$B$6*LN('Read me'!$B$6/('Read me'!$B$6+L71))+6*LN(L71/('Read me'!$B$6+L71)))),"") | N71: =IFERROR(EXP(GAMMALN(7+'Read me'!$B$6)-GAMMALN('Read me'!$B$6)-GAMMALN(7+1)+'Read me'!$B$6*LN('Read me'!$B$6/('Read me'!$B$6+L71))+7*LN(L71/('Read me'!$B$6+L71))),"") | O71: =IFERROR((1-N71)/M71,"") | Q71: =IF(P71="","",P71*M71+N71-1) | R71: =IF(Q71="","awaiting price",IF(Q71>='Read me'!$B$7,"BET",IF(Q71>=0,"thin","no bet")))
A72: 46298 | B72: Brazil Série B | C72: Botafogo SP v Vila Nova | D72: Botafogo SP | E72: Home | F72: Team under | G72: under 8 team corners | H72: 6 | I72: 6 | J72: 4/4 | K72: 5.2 | L72: 5.9 | M72: =IFERROR((EXP(GAMMALN(0+'Read me'!$B$6)-GAMMALN('Read me'!$B$6)-GAMMALN(0+1)+'Read me'!$B$6*LN('Read me'!$B$6/('Read me'!$B$6+L72))+0*LN(L72/('Read me'!$B$6+L72)))+EXP(GAMMALN(1+'Read me'!$B$6)-GAMMALN('Read me'!$B$6)-GAMMALN(1+1)+'Read me'!$B$6*LN('Read me'!$B$6/('Read me'!$B$6+L72))+1*LN(L72/('Read me'!$B$6+L72)))+EXP(GAMMALN(2+'Read me'!$B$6)-GAMMALN('Read me'!$B$6)-GAMMALN(2+1)+'Read me'!$B$6*LN('Read me'!$B$6/('Read me'!$B$6+L72))+2*LN(L72/('Read me'!$B$6+L72)))+EXP(GAMMALN(3+'Read me'!$B$6)-GAMMALN('Read me'!$B$6)-GAMMALN(3+1)+'Read me'!$B$6*LN('Read me'!$B$6/('Read me'!$B$6+L72))+3*LN(L72/('Read me'!$B$6+L72)))+EXP(GAMMALN(4+'Read me'!$B$6)-GAMMALN('Read me'!$B$6)-GAMMALN(4+1)+'Read me'!$B$6*LN('Read me'!$B$6/('Read me'!$B$6+L72))+4*LN(L72/('Read me'!$B$6+L72)))+EXP(GAMMALN(5+'Read me'!$B$6)-GAMMALN('Read me'!$B$6)-GAMMALN(5+1)+'Read me'!$B$6*LN('Read me'!$B$6/('Read me'!$B$6+L72))+5*LN(L72/('Read me'!$B$6+L72)))+EXP(GAMMALN(6+'Read me'!$B$6)-GAMMALN('Read me'!$B$6)-GAMMALN(6+1)+'Read me'!$B$6*LN('Read me'!$B$6/('Read me'!$B$6+L72))+6*LN(L72/('Read me'!$B$6+L72)))+EXP(GAMMALN(7+'Read me'!$B$6)-GAMMALN('Read me'!$B$6)-GAMMALN(7+1)+'Read me'!$B$6*LN('Read me'!$B$6/('Read me'!$B$6+L72))+7*LN(L72/('Read me'!$B$6+L72)))),"") | N72: =IFERROR(EXP(GAMMALN(8+'Read me'!$B$6)-GAMMALN('Read me'!$B$6)-GAMMALN(8+1)+'Read me'!$B$6*LN('Read me'!$B$6/('Read me'!$B$6+L72))+8*LN(L72/('Read me'!$B$6+L72))),"") | O72: =IFERROR((1-N72)/M72,"") | Q72: =IF(P72="","",P72*M72+N72-1) | R72: =IF(Q72="","awaiting price",IF(Q72>='Read me'!$B$7,"BET",IF(Q72>=0,"thin","no bet")))
A73: 46298 | B73: England League One | C73: Wigan v Mansfield Town | D73: Mansfield Town | E73: Away | F73: Match under | G73: under 11 match corners | H73: 6 | I73: 6 | J73: 4/4 | K73: 8.4 | L73: 9.31 | M73: =IFERROR(POISSON(11-1,L73,TRUE),"") | N73: =IFERROR(POISSON(11,L73,FALSE),"") | O73: =IFERROR((1-N73)/M73,"") | Q73: =IF(P73="","",P73*M73+N73-1) | R73: =IF(Q73="","awaiting price",IF(Q73>='Read me'!$B$7,"BET",IF(Q73>=0,"thin","no bet")))
A74: 46298 | B74: England League Two | C74: Exeter City v Rotherham | D74: Exeter City | E74: Home | F74: Match under | G74: under 12 match corners | H74: 6 | I74: 6 | J74: 4/4 | K74: 8.4 | L74: 9.19 | M74: =IFERROR(POISSON(12-1,L74,TRUE),"") | N74: =IFERROR(POISSON(12,L74,FALSE),"") | O74: =IFERROR((1-N74)/M74,"") | Q74: =IF(P74="","",P74*M74+N74-1) | R74: =IF(Q74="","awaiting price",IF(Q74>='Read me'!$B$7,"BET",IF(Q74>=0,"thin","no bet")))
A75: 46298 | B75: England League Two | C75: Rochdale v Swindon Town | D75: Rochdale | E75: Home | F75: Match under | G75: under 12 match corners | H75: 6 | I75: 6 | J75: 4/4 | K75: 8.6 | L75: 9.88 | M75: =IFERROR(POISSON(12-1,L75,TRUE),"") | N75: =IFERROR(POISSON(12,L75,FALSE),"") | O75: =IFERROR((1-N75)/M75,"") | Q75: =IF(P75="","",P75*M75+N75-1) | R75: =IF(Q75="","awaiting price",IF(Q75>='Read me'!$B$7,"BET",IF(Q75>=0,"thin","no bet")))
A76: 46298 | B76: Argentina Liga Profesional | C76: Newells Old Boys v Lanus | D76: Newells Old Boys | E76: Home | F76: Match under | G76: under 12 match corners | H76: 6 | I76: 6 | J76: 4/4 | K76: 8.8 | L76: 8.68 | M76: =IFERROR(POISSON(12-1,L76,TRUE),"") | N76: =IFERROR(POISSON(12,L76,FALSE),"") | O76: =IFERROR((1-N76)/M76,"") | Q76: =IF(P76="","",P76*M76+N76-1) | R76: =IF(Q76="","awaiting price",IF(Q76>='Read me'!$B$7,"BET",IF(Q76>=0,"thin","no bet")))
A77: 46299 | B77: Argentina Liga Profesional | C77: Talleres Cordoba v Belgrano Cordoba | D77: Belgrano Cordoba | E77: Away | F77: Team over | G77: 3+ team corners | H77: 6 | I77: 8 | J77: 5/5 | K77: 6 | L77: 4.36 | M77: =IFERROR(1-(EXP(GAMMALN(0+'Read me'!$B$6)-GAMMALN('Read me'!$B$6)-GAMMALN(0+1)+'Read me'!$B$6*LN('Read me'!$B$6/('Read me'!$B$6+L77))+0*LN(L77/('Read me'!$B$6+L77)))+EXP(GAMMALN(1+'Read me'!$B$6)-GAMMALN('Read me'!$B$6)-GAMMALN(1+1)+'Read me'!$B$6*LN('Read me'!$B$6/('Read me'!$B$6+L77))+1*LN(L77/('Read me'!$B$6+L77)))+EXP(GAMMALN(2+'Read me'!$B$6)-GAMMALN('Read me'!$B$6)-GAMMALN(2+1)+'Read me'!$B$6*LN('Read me'!$B$6/('Read me'!$B$6+L77))+2*LN(L77/('Read me'!$B$6+L77)))),"") | N77: 0 | O77: =IFERROR(1/M77,"") | Q77: =IF(P77="","",P77*M77-1) | R77: =IF(Q77="","awaiting price",IF(Q77>='Read me'!$B$7,"BET",IF(Q77>=0,"thin","no bet")))
A78: 46299 | B78: Netherlands Eerste Divisie | C78: VVV Venlo v Roda | D78: VVV Venlo | E78: Home | F78: Team over | G78: 3+ team corners | H78: 6 | I78: 6 | J78: 5/5 | K78: 5.8 | L78: 5.48 | M78: =IFERROR(1-(EXP(GAMMALN(0+'Read me'!$B$6)-GAMMALN('Read me'!$B$6)-GAMMALN(0+1)+'Read me'!$B$6*LN('Read me'!$B$6/('Read me'!$B$6+L78))+0*LN(L78/('Read me'!$B$6+L78)))+EXP(GAMMALN(1+'Read me'!$B$6)-GAMMALN('Read me'!$B$6)-GAMMALN(1+1)+'Read me'!$B$6*LN('Read me'!$B$6/('Read me'!$B$6+L78))+1*LN(L78/('Read me'!$B$6+L78)))+EXP(GAMMALN(2+'Read me'!$B$6)-GAMMALN('Read me'!$B$6)-GAMMALN(2+1)+'Read me'!$B$6*LN('Read me'!$B$6/('Read me'!$B$6+L78))+2*LN(L78/('Read me'!$B$6+L78)))),"") | N78: 0 | O78: =IFERROR(1/M78,"") | Q78: =IF(P78="","",P78*M78-1) | R78: =IF(Q78="","awaiting price",IF(Q78>='Read me'!$B$7,"BET",IF(Q78>=0,"thin","no bet")))
A79: 46299 | B79: Argentina Liga Profesional | C79: Sarmiento Junin v River Plate | D79: River Plate | E79: Away | F79: Team under | G79: under 5 team corners | H79: 6 | I79: 6 | J79: 4/4 | K79: 3.2 | L79: 5.17 | M79: =IFERROR((EXP(GAMMALN(0+'Read me'!$B$6)-GAMMALN('Read me'!$B$6)-GAMMALN(0+1)+'Read me'!$B$6*LN('Read me'!$B$6/('Read me'!$B$6+L79))+0*LN(L79/('Read me'!$B$6+L79)))+EXP(GAMMALN(1+'Read me'!$B$6)-GAMMALN('Read me'!$B$6)-GAMMALN(1+1)+'Read me'!$B$6*LN('Read me'!$B$6/('Read me'!$B$6+L79))+1*LN(L79/('Read me'!$B$6+L79)))+EXP(GAMMALN(2+'Read me'!$B$6)-GAMMALN('Read me'!$B$6)-GAMMALN(2+1)+'Read me'!$B$6*LN('Read me'!$B$6/('Read me'!$B$6+L79))+2*LN(L79/('Read me'!$B$6+L79)))+EXP(GAMMALN(3+'Read me'!$B$6)-GAMMALN('Read me'!$B$6)-GAMMALN(3+1)+'Read me'!$B$6*LN('Read me'!$B$6/('Read me'!$B$6+L79))+3*LN(L79/('Read me'!$B$6+L79)))+EXP(GAMMALN(4+'Read me'!$B$6)-GAMMALN('Read me'!$B$6)-GAMMALN(4+1)+'Read me'!$B$6*LN('Read me'!$B$6/('Read me'!$B$6+L79))+4*LN(L79/('Read me'!$B$6+L79)))),"") | N79: =IFERROR(EXP(GAMMALN(5+'Read me'!$B$6)-GAMMALN('Read me'!$B$6)-GAMMALN(5+1)+'Read me'!$B$6*LN('Read me'!$B$6/('Read me'!$B$6+L79))+5*LN(L79/('Read me'!$B$6+L79))),"") | O79: =IFERROR((1-N79)/M79,"") | Q79: =IF(P79="","",P79*M79+N79-1) | R79: =IF(Q79="","awaiting price",IF(Q79>='Read me'!$B$7,"BET",IF(Q79>=0,"thin","no bet")))
A80: 46299 | B80: Argentina Liga Profesional | C80: Sarmiento Junin v River Plate | D80: River Plate | E80: Away | F80: Match under | G80: under 8 match corners | H80: 6 | I80: 6 | J80: 4/4 | K80: 5.2 | L80: 9.35 | M80: =IFERROR(POISSON(8-1,L80,TRUE),"") | N80: =IFERROR(POISSON(8,L80,FALSE),"") | O80: =IFERROR((1-N80)/M80,"") | Q80: =IF(P80="","",P80*M80+N80-1) | R80: =IF(Q80="","awaiting price",IF(Q80>='Read me'!$B$7,"BET",IF(Q80>=0,"thin","no bet")))
A81: 46302 | B81: Brazil Série A | C81: Vitoria v Chapecoense-sc | D81: Vitoria | E81: Home | F81: Team over | G81: 5+ team corners | H81: 6 | I81: 6 | J81: 5/5 | K81: 6.2 | L81: 6.23 | M81: =IFERROR(1-(EXP(GAMMALN(0+'Read me'!$B$6)-GAMMALN('Read me'!$B$6)-GAMMALN(0+1)+'Read me'!$B$6*LN('Read me'!$B$6/('Read me'!$B$6+L81))+0*LN(L81/('Read me'!$B$6+L81)))+EXP(GAMMALN(1+'Read me'!$B$6)-GAMMALN('Read me'!$B$6)-GAMMALN(1+1)+'Read me'!$B$6*LN('Read me'!$B$6/('Read me'!$B$6+L81))+1*LN(L81/('Read me'!$B$6+L81)))+EXP(GAMMALN(2+'Read me'!$B$6)-GAMMALN('Read me'!$B$6)-GAMMALN(2+1)+'Read me'!$B$6*LN('Read me'!$B$6/('Read me'!$B$6+L81))+2*LN(L81/('Read me'!$B$6+L81)))+EXP(GAMMALN(3+'Read me'!$B$6)-GAMMALN('Read me'!$B$6)-GAMMALN(3+1)+'Read me'!$B$6*LN('Read me'!$B$6/('Read me'!$B$6+L81))+3*LN(L81/('Read me'!$B$6+L81)))+EXP(GAMMALN(4+'Read me'!$B$6)-GAMMALN('Read me'!$B$6)-GAMMALN(4+1)+'Read me'!$B$6*LN('Read me'!$B$6/('Read me'!$B$6+L81))+4*LN(L81/('Read me'!$B$6+L81)))),"") | N81: 0 | O81: =IFERROR(1/M81,"") | Q81: =IF(P81="","",P81*M81-1) | R81: =IF(Q81="","awaiting price",IF(Q81>='Read me'!$B$7,"BET",IF(Q81>=0,"thin","no bet")))
A82: 46296 | B82: Brazil Série B | C82: Athletic Club v Sport Recife | D82: Athletic Club | E82: Home | F82: Team under | G82: under 6 team corners | H82: 5 | I82: 6 | J82: 4/4 | K82: 2.8 | L82: 6.16 | M82: =IFERROR((EXP(GAMMALN(0+'Read me'!$B$6)-GAMMALN('Read me'!$B$6)-GAMMALN(0+1)+'Read me'!$B$6*LN('Read me'!$B$6/('Read me'!$B$6+L82))+0*LN(L82/('Read me'!$B$6+L82)))+EXP(GAMMALN(1+'Read me'!$B$6)-GAMMALN('Read me'!$B$6)-GAMMALN(1+1)+'Read me'!$B$6*LN('Read me'!$B$6/('Read me'!$B$6+L82))+1*LN(L82/('Read me'!$B$6+L82)))+EXP(GAMMALN(2+'Read me'!$B$6)-GAMMALN('Read me'!$B$6)-GAMMALN(2+1)+'Read me'!$B$6*LN('Read me'!$B$6/('Read me'!$B$6+L82))+2*LN(L82/('Read me'!$B$6+L82)))+EXP(GAMMALN(3+'Read me'!$B$6)-GAMMALN('Read me'!$B$6)-GAMMALN(3+1)+'Read me'!$B$6*LN('Read me'!$B$6/('Read me'!$B$6+L82))+3*LN(L82/('Read me'!$B$6+L82)))+EXP(GAMMALN(4+'Read me'!$B$6)-GAMMALN('Read me'!$B$6)-GAMMALN(4+1)+'Read me'!$B$6*LN('Read me'!$B$6/('Read me'!$B$6+L82))+4*LN(L82/('Read me'!$B$6+L82)))+EXP(GAMMALN(5+'Read me'!$B$6)-GAMMALN('Read me'!$B$6)-GAMMALN(5+1)+'Read me'!$B$6*LN('Read me'!$B$6/('Read me'!$B$6+L82))+5*LN(L82/('Read me'!$B$6+L82)))),"") | N82: =IFERROR(EXP(GAMMALN(6+'Read me'!$B$6)-GAMMALN('Read me'!$B$6)-GAMMALN(6+1)+'Read me'!$B$6*LN('Read me'!$B$6/('Read me'!$B$6+L82))+6*LN(L82/('Read me'!$B$6+L82))),"") | O82: =IFERROR((1-N82)/M82,"") | Q82: =IF(P82="","",P82*M82+N82-1) | R82: =IF(Q82="","awaiting price",IF(Q82>='Read me'!$B$7,"BET",IF(Q82>=0,"thin","no bet")))
A83: 46297 | B83: Brazil Série B | C83: Novorizontino v Goias | D83: Goias | E83: Away | F83: Team over | G83: 5+ team corners | H83: 5 | I83: 5 | J83: 5/5 | K83: 6.6 | L83: 3.95 | M83: =IFERROR(1-(EXP(GAMMALN(0+'Read me'!$B$6)-GAMMALN('Read me'!$B$6)-GAMMALN(0+1)+'Read me'!$B$6*LN('Read me'!$B$6/('Read me'!$B$6+L83))+0*LN(L83/('Read me'!$B$6+L83)))+EXP(GAMMALN(1+'Read me'!$B$6)-GAMMALN('Read me'!$B$6)-GAMMALN(1+1)+'Read me'!$B$6*LN('Read me'!$B$6/('Read me'!$B$6+L83))+1*LN(L83/('Read me'!$B$6+L83)))+EXP(GAMMALN(2+'Read me'!$B$6)-GAMMALN('Read me'!$B$6)-GAMMALN(2+1)+'Read me'!$B$6*LN('Read me'!$B$6/('Read me'!$B$6+L83))+2*LN(L83/('Read me'!$B$6+L83)))+EXP(GAMMALN(3+'Read me'!$B$6)-GAMMALN('Read me'!$B$6)-GAMMALN(3+1)+'Read me'!$B$6*LN('Read me'!$B$6/('Read me'!$B$6+L83))+3*LN(L83/('Read me'!$B$6+L83)))+EXP(GAMMALN(4+'Read me'!$B$6)-GAMMALN('Read me'!$B$6)-GAMMALN(4+1)+'Read me'!$B$6*LN('Read me'!$B$6/('Read me'!$B$6+L83))+4*LN(L83/('Read me'!$B$6+L83)))),"") | N83: 0 | O83: =IFERROR(1/M83,"") | Q83: =IF(P83="","",P83*M83-1) | R83: =IF(Q83="","awaiting price",IF(Q83>='Read me'!$B$7,"BET",IF(Q83>=0,"thin","no bet")))
A84: 46297 | B84: Brazil Série B | C84: São Bernardo v CRB | D84: CRB | E84: Away | F84: Team over | G84: 5+ team corners | H84: 5 | I84: 5 | J84: 5/5 | K84: 6.2 | L84: 5.83 | M84: =IFERROR(1-(EXP(GAMMALN(0+'Read me'!$B$6)-GAMMALN('Read me'!$B$6)-GAMMALN(0+1)+'Read me'!$B$6*LN('Read me'!$B$6/('Read me'!$B$6+L84))+0*LN(L84/('Read me'!$B$6+L84)))+EXP(GAMMALN(1+'Read me'!$B$6)-GAMMALN('Read me'!$B$6)-GAMMALN(1+1)+'Read me'!$B$6*LN('Read me'!$B$6/('Read me'!$B$6+L84))+1*LN(L84/('Read me'!$B$6+L84)))+EXP(GAMMALN(2+'Read me'!$B$6)-GAMMALN('Read me'!$B$6)-GAMMALN(2+1)+'Read me'!$B$6*LN('Read me'!$B$6/('Read me'!$B$6+L84))+2*LN(L84/('Read me'!$B$6+L84)))+EXP(GAMMALN(3+'Read me'!$B$6)-GAMMALN('Read me'!$B$6)-GAMMALN(3+1)+'Read me'!$B$6*LN('Read me'!$B$6/('Read me'!$B$6+L84))+3*LN(L84/('Read me'!$B$6+L84)))+EXP(GAMMALN(4+'Read me'!$B$6)-GAMMALN('Read me'!$B$6)-GAMMALN(4+1)+'Read me'!$B$6*LN('Read me'!$B$6/('Read me'!$B$6+L84))+4*LN(L84/('Read me'!$B$6+L84)))),"") | N84: 0 | O84: =IFERROR(1/M84,"") | Q84: =IF(P84="","",P84*M84-1) | R84: =IF(Q84="","awaiting price",IF(Q84>='Read me'!$B$7,"BET",IF(Q84>=0,"thin","no bet")))
A85: 46297 | B85: USA MLS | C85: Seattle Sounders v Sporting Kansas City | D85: Sporting Kansas City | E85: Away | F85: Team under | G85: under 7 team corners | H85: 5 | I85: 8 | J85: 4/4 | K85: 4 | L85: 5.11 | M85: =IFERROR((EXP(GAMMALN(0+'Read me'!$B$6)-GAMMALN('Read me'!$B$6)-GAMMALN(0+1)+'Read me'!$B$6*LN('Read me'!$B$6/('Read me'!$B$6+L85))+0*LN(L85/('Read me'!$B$6+L85)))+EXP(GAMMALN(1+'Read me'!$B$6)-GAMMALN('Read me'!$B$6)-GAMMALN(1+1)+'Read me'!$B$6*LN('Read me'!$B$6/('Read me'!$B$6+L85))+1*LN(L85/('Read me'!$B$6+L85)))+EXP(GAMMALN(2+'Read me'!$B$6)-GAMMALN('Read me'!$B$6)-GAMMALN(2+1)+'Read me'!$B$6*LN('Read me'!$B$6/('Read me'!$B$6+L85))+2*LN(L85/('Read me'!$B$6+L85)))+EXP(GAMMALN(3+'Read me'!$B$6)-GAMMALN('Read me'!$B$6)-GAMMALN(3+1)+'Read me'!$B$6*LN('Read me'!$B$6/('Read me'!$B$6+L85))+3*LN(L85/('Read me'!$B$6+L85)))+EXP(GAMMALN(4+'Read me'!$B$6)-GAMMALN('Read me'!$B$6)-GAMMALN(4+1)+'Read me'!$B$6*LN('Read me'!$B$6/('Read me'!$B$6+L85))+4*LN(L85/('Read me'!$B$6+L85)))+EXP(GAMMALN(5+'Read me'!$B$6)-GAMMALN('Read me'!$B$6)-GAMMALN(5+1)+'Read me'!$B$6*LN('Read me'!$B$6/('Read me'!$B$6+L85))+5*LN(L85/('Read me'!$B$6+L85)))+EXP(GAMMALN(6+'Read me'!$B$6)-GAMMALN('Read me'!$B$6)-GAMMALN(6+1)+'Read me'!$B$6*LN('Read me'!$B$6/('Read me'!$B$6+L85))+6*LN(L85/('Read me'!$B$6+L85)))),"") | N85: =IFERROR(EXP(GAMMALN(7+'Read me'!$B$6)-GAMMALN('Read me'!$B$6)-GAMMALN(7+1)+'Read me'!$B$6*LN('Read me'!$B$6/('Read me'!$B$6+L85))+7*LN(L85/('Read me'!$B$6+L85))),"") | O85: =IFERROR((1-N85)/M85,"") | Q85: =IF(P85="","",P85*M85+N85-1) | R85: =IF(Q85="","awaiting price",IF(Q85>='Read me'!$B$7,"BET",IF(Q85>=0,"thin","no bet")))
A86: 46297 | B86: Argentina Liga Profesional | C86: Independiente v Instituto Cordoba | D86: Instituto Cordoba | E86: Away | F86: Match under | G86: under 12 match corners | H86: 5 | I86: 6 | J86: 4/4 | K86: 7.2 | L86: 10.27 | M86: =IFERROR(POISSON(12-1,L86,TRUE),"") | N86: =IFERROR(POISSON(12,L86,FALSE),"") | O86: =IFERROR((1-N86)/M86,"") | Q86: =IF(P86="","",P86*M86+N86-1) | R86: =IF(Q86="","awaiting price",IF(Q86>='Read me'!$B$7,"BET",IF(Q86>=0,"thin","no bet")))
A87: 46298 | B87: England League Two | C87: Chesterfield v Tranmere | D87: Chesterfield | E87: Home | F87: Team over | G87: 4+ team corners | H87: 5 | I87: 8 | J87: 5/5 | K87: 6.8 | L87: 5.95 | M87: =IFERROR(1-(EXP(GAMMALN(0+'Read me'!$B$6)-GAMMALN('Read me'!$B$6)-GAMMALN(0+1)+'Read me'!$B$6*LN('Read me'!$B$6/('Read me'!$B$6+L87))+0*LN(L87/('Read me'!$B$6+L87)))+EXP(GAMMALN(1+'Read me'!$B$6)-GAMMALN('Read me'!$B$6)-GAMMALN(1+1)+'Read me'!$B$6*LN('Read me'!$B$6/('Read me'!$B$6+L87))+1*LN(L87/('Read me'!$B$6+L87)))+EXP(GAMMALN(2+'Read me'!$B$6)-GAMMALN('Read me'!$B$6)-GAMMALN(2+1)+'Read me'!$B$6*LN('Read me'!$B$6/('Read me'!$B$6+L87))+2*LN(L87/('Read me'!$B$6+L87)))+EXP(GAMMALN(3+'Read me'!$B$6)-GAMMALN('Read me'!$B$6)-GAMMALN(3+1)+'Read me'!$B$6*LN('Read me'!$B$6/('Read me'!$B$6+L87))+3*LN(L87/('Read me'!$B$6+L87)))),"") | N87: 0 | O87: =IFERROR(1/M87,"") | Q87: =IF(P87="","",P87*M87-1) | R87: =IF(Q87="","awaiting price",IF(Q87>='Read me'!$B$7,"BET",IF(Q87>=0,"thin","no bet")))
A88: 46298 | B88: Brazil Série A | C88: Atletico-MG v RB Bragantino | D88: RB Bragantino | E88: Away | F88: Team over | G88: 3+ team corners | H88: 5 | I88: 7 | J88: 5/5 | K88: 6.6 | L88: 4.25 | M88: =IFERROR(1-(EXP(GAMMALN(0+'Read me'!$B$6)-GAMMALN('Read me'!$B$6)-GAMMALN(0+1)+'Read me'!$B$6*LN('Read me'!$B$6/('Read me'!$B$6+L88))+0*LN(L88/('Read me'!$B$6+L88)))+EXP(GAMMALN(1+'Read me'!$B$6)-GAMMALN('Read me'!$B$6)-GAMMALN(1+1)+'Read me'!$B$6*LN('Read me'!$B$6/('Read me'!$B$6+L88))+1*LN(L88/('Read me'!$B$6+L88)))+EXP(GAMMALN(2+'Read me'!$B$6)-GAMMALN('Read me'!$B$6)-GAMMALN(2+1)+'Read me'!$B$6*LN('Read me'!$B$6/('Read me'!$B$6+L88))+2*LN(L88/('Read me'!$B$6+L88)))),"") | N88: 0 | O88: =IFERROR(1/M88,"") | Q88: =IF(P88="","",P88*M88-1) | R88: =IF(Q88="","awaiting price",IF(Q88>='Read me'!$B$7,"BET",IF(Q88>=0,"thin","no bet")))
A89: 46298 | B89: England League Two | C89: Exeter City v Rotherham | D89: Rotherham | E89: Away | F89: Team over | G89: 3+ team corners | H89: 5 | I89: 5 | J89: 5/5 | K89: 4.4 | L89: 3.96 | M89: =IFERROR(1-(EXP(GAMMALN(0+'Read me'!$B$6)-GAMMALN('Read me'!$B$6)-GAMMALN(0+1)+'Read me'!$B$6*LN('Read me'!$B$6/('Read me'!$B$6+L89))+0*LN(L89/('Read me'!$B$6+L89)))+EXP(GAMMALN(1+'Read me'!$B$6)-GAMMALN('Read me'!$B$6)-GAMMALN(1+1)+'Read me'!$B$6*LN('Read me'!$B$6/('Read me'!$B$6+L89))+1*LN(L89/('Read me'!$B$6+L89)))+EXP(GAMMALN(2+'Read me'!$B$6)-GAMMALN('Read me'!$B$6)-GAMMALN(2+1)+'Read me'!$B$6*LN('Read me'!$B$6/('Read me'!$B$6+L89))+2*LN(L89/('Read me'!$B$6+L89)))),"") | N89: 0 | O89: =IFERROR(1/M89,"") | Q89: =IF(P89="","",P89*M89-1) | R89: =IF(Q89="","awaiting price",IF(Q89>='Read me'!$B$7,"BET",IF(Q89>=0,"thin","no bet")))
A90: 46298 | B90: Argentina Liga Profesional | C90: Independ. Rivadavia v Gimnasia L.P. | D90: Gimnasia L.P. | E90: Away | F90: Team over | G90: 3+ team corners | H90: 5 | I90: 5 | J90: 5/5 | K90: 3.8 | L90: 3.79 | M90: =IFERROR(1-(EXP(GAMMALN(0+'Read me'!$B$6)-GAMMALN('Read me'!$B$6)-GAMMALN(0+1)+'Read me'!$B$6*LN('Read me'!$B$6/('Read me'!$B$6+L90))+0*LN(L90/('Read me'!$B$6+L90)))+EXP(GAMMALN(1+'Read me'!$B$6)-GAMMALN('Read me'!$B$6)-GAMMALN(1+1)+'Read me'!$B$6*LN('Read me'!$B$6/('Read me'!$B$6+L90))+1*LN(L90/('Read me'!$B$6+L90)))+EXP(GAMMALN(2+'Read me'!$B$6)-GAMMALN('Read me'!$B$6)-GAMMALN(2+1)+'Read me'!$B$6*LN('Read me'!$B$6/('Read me'!$B$6+L90))+2*LN(L90/('Read me'!$B$6+L90)))),"") | N90: 0 | O90: =IFERROR(1/M90,"") | Q90: =IF(P90="","",P90*M90-1) | R90: =IF(Q90="","awaiting price",IF(Q90>='Read me'!$B$7,"BET",IF(Q90>=0,"thin","no bet")))
A91: 46298 | B91: England League One | C91: Wigan v Mansfield Town | D91: Mansfield Town | E91: Away | F91: Team under | G91: under 5 team corners | H91: 5 | I91: 5 | J91: 4/4 | K91: 3.2 | L91: 4.24 | M91: =IFERROR((EXP(GAMMALN(0+'Read me'!$B$6)-GAMMALN('Read me'!$B$6)-GAMMALN(0+1)+'Read me'!$B$6*LN('Read me'!$B$6/('Read me'!$B$6+L91))+0*LN(L91/('Read me'!$B$6+L91)))+EXP(GAMMALN(1+'Read me'!$B$6)-GAMMALN('Read me'!$B$6)-GAMMALN(1+1)+'Read me'!$B$6*LN('Read me'!$B$6/('Read me'!$B$6+L91))+1*LN(L91/('Read me'!$B$6+L91)))+EXP(GAMMALN(2+'Read me'!$B$6)-GAMMALN('Read me'!$B$6)-GAMMALN(2+1)+'Read me'!$B$6*LN('Read me'!$B$6/('Read me'!$B$6+L91))+2*LN(L91/('Read me'!$B$6+L91)))+EXP(GAMMALN(3+'Read me'!$B$6)-GAMMALN('Read me'!$B$6)-GAMMALN(3+1)+'Read me'!$B$6*LN('Read me'!$B$6/('Read me'!$B$6+L91))+3*LN(L91/('Read me'!$B$6+L91)))+EXP(GAMMALN(4+'Read me'!$B$6)-GAMMALN('Read me'!$B$6)-GAMMALN(4+1)+'Read me'!$B$6*LN('Read me'!$B$6/('Read me'!$B$6+L91))+4*LN(L91/('Read me'!$B$6+L91)))),"") | N91: =IFERROR(EXP(GAMMALN(5+'Read me'!$B$6)-GAMMALN('Read me'!$B$6)-GAMMALN(5+1)+'Read me'!$B$6*LN('Read me'!$B$6/('Read me'!$B$6+L91))+5*LN(L91/('Read me'!$B$6+L91))),"") | O91: =IFERROR((1-N91)/M91,"") | Q91: =IF(P91="","",P91*M91+N91-1) | R91: =IF(Q91="","awaiting price",IF(Q91>='Read me'!$B$7,"BET",IF(Q91>=0,"thin","no bet")))
A92: 46298 | B92: England League Two | C92: Exeter City v Rotherham | D92: Exeter City | E92: Home | F92: Team under | G92: under 6 team corners | H92: 5 | I92: 5 | J92: 4/4 | K92: 3.6 | L92: 5.23 | M92: =IFERROR((EXP(GAMMALN(0+'Read me'!$B$6)-GAMMALN('Read me'!$B$6)-GAMMALN(0+1)+'Read me'!$B$6*LN('Read me'!$B$6/('Read me'!$B$6+L92))+0*LN(L92/('Read me'!$B$6+L92)))+EXP(GAMMALN(1+'Read me'!$B$6)-GAMMALN('Read me'!$B$6)-GAMMALN(1+1)+'Read me'!$B$6*LN('Read me'!$B$6/('Read me'!$B$6+L92))+1*LN(L92/('Read me'!$B$6+L92)))+EXP(GAMMALN(2+'Read me'!$B$6)-GAMMALN('Read me'!$B$6)-GAMMALN(2+1)+'Read me'!$B$6*LN('Read me'!$B$6/('Read me'!$B$6+L92))+2*LN(L92/('Read me'!$B$6+L92)))+EXP(GAMMALN(3+'Read me'!$B$6)-GAMMALN('Read me'!$B$6)-GAMMALN(3+1)+'Read me'!$B$6*LN('Read me'!$B$6/('Read me'!$B$6+L92))+3*LN(L92/('Read me'!$B$6+L92)))+EXP(GAMMALN(4+'Read me'!$B$6)-GAMMALN('Read me'!$B$6)-GAMMALN(4+1)+'Read me'!$B$6*LN('Read me'!$B$6/('Read me'!$B$6+L92))+4*LN(L92/('Read me'!$B$6+L92)))+EXP(GAMMALN(5+'Read me'!$B$6)-GAMMALN('Read me'!$B$6)-GAMMALN(5+1)+'Read me'!$B$6*LN('Read me'!$B$6/('Read me'!$B$6+L92))+5*LN(L92/('Read me'!$B$6+L92)))),"") | N92: =IFERROR(EXP(GAMMALN(6+'Read me'!$B$6)-GAMMALN('Read me'!$B$6)-GAMMALN(6+1)+'Read me'!$B$6*LN('Read me'!$B$6/('Read me'!$B$6+L92))+6*LN(L92/('Read me'!$B$6+L92))),"") | O92: =IFERROR((1-N92)/M92,"") | Q92: =IF(P92="","",P92*M92+N92-1) | R92: =IF(Q92="","awaiting price",IF(Q92>='Read me'!$B$7,"BET",IF(Q92>=0,"thin","no bet")))
A93: 46298 | B93: Argentina Liga Profesional | C93: Boca Juniors v Union Santa Fe | D93: Union Santa Fe | E93: Away | F93: Team under | G93: under 6 team corners | H93: 5 | I93: 5 | J93: 4/4 | K93: 3.6 | L93: 4.2 | M93: =IFERROR((EXP(GAMMALN(0+'Read me'!$B$6)-GAMMALN('Read me'!$B$6)-GAMMALN(0+1)+'Read me'!$B$6*LN('Read me'!$B$6/('Read me'!$B$6+L93))+0*LN(L93/('Read me'!$B$6+L93)))+EXP(GAMMALN(1+'Read me'!$B$6)-GAMMALN('Read me'!$B$6)-GAMMALN(1+1)+'Read me'!$B$6*LN('Read me'!$B$6/('Read me'!$B$6+L93))+1*LN(L93/('Read me'!$B$6+L93)))+EXP(GAMMALN(2+'Read me'!$B$6)-GAMMALN('Read me'!$B$6)-GAMMALN(2+1)+'Read me'!$B$6*LN('Read me'!$B$6/('Read me'!$B$6+L93))+2*LN(L93/('Read me'!$B$6+L93)))+EXP(GAMMALN(3+'Read me'!$B$6)-GAMMALN('Read me'!$B$6)-GAMMALN(3+1)+'Read me'!$B$6*LN('Read me'!$B$6/('Read me'!$B$6+L93))+3*LN(L93/('Read me'!$B$6+L93)))+EXP(GAMMALN(4+'Read me'!$B$6)-GAMMALN('Read me'!$B$6)-GAMMALN(4+1)+'Read me'!$B$6*LN('Read me'!$B$6/('Read me'!$B$6+L93))+4*LN(L93/('Read me'!$B$6+L93)))+EXP(GAMMALN(5+'Read me'!$B$6)-GAMMALN('Read me'!$B$6)-GAMMALN(5+1)+'Read me'!$B$6*LN('Read me'!$B$6/('Read me'!$B$6+L93))+5*LN(L93/('Read me'!$B$6+L93)))),"") | N93: =IFERROR(EXP(GAMMALN(6+'Read me'!$B$6)-GAMMALN('Read me'!$B$6)-GAMMALN(6+1)+'Read me'!$B$6*LN('Read me'!$B$6/('Read me'!$B$6+L93))+6*LN(L93/('Read me'!$B$6+L93))),"") | O93: =IFERROR((1-N93)/M93,"") | Q93: =IF(P93="","",P93*M93+N93-1) | R93: =IF(Q93="","awaiting price",IF(Q93>='Read me'!$B$7,"BET",IF(Q93>=0,"thin","no bet")))
A94: 46298 | B94: Netherlands Eerste Divisie | C94: FC OSS v MVV | D94: FC OSS | E94: Home | F94: Team under | G94: under 7 team corners | H94: 5 | I94: 5 | J94: 4/4 | K94: 3.2 | L94: 7.15 | M94: =IFERROR((EXP(GAMMALN(0+'Read me'!$B$6)-GAMMALN('Read me'!$B$6)-GAMMALN(0+1)+'Read me'!$B$6*LN('Read me'!$B$6/('Read me'!$B$6+L94))+0*LN(L94/('Read me'!$B$6+L94)))+EXP(GAMMALN(1+'Read me'!$B$6)-GAMMALN('Read me'!$B$6)-GAMMALN(1+1)+'Read me'!$B$6*LN('Read me'!$B$6/('Read me'!$B$6+L94))+1*LN(L94/('Read me'!$B$6+L94)))+EXP(GAMMALN(2+'Read me'!$B$6)-GAMMALN('Read me'!$B$6)-GAMMALN(2+1)+'Read me'!$B$6*LN('Read me'!$B$6/('Read me'!$B$6+L94))+2*LN(L94/('Read me'!$B$6+L94)))+EXP(GAMMALN(3+'Read me'!$B$6)-GAMMALN('Read me'!$B$6)-GAMMALN(3+1)+'Read me'!$B$6*LN('Read me'!$B$6/('Read me'!$B$6+L94))+3*LN(L94/('Read me'!$B$6+L94)))+EXP(GAMMALN(4+'Read me'!$B$6)-GAMMALN('Read me'!$B$6)-GAMMALN(4+1)+'Read me'!$B$6*LN('Read me'!$B$6/('Read me'!$B$6+L94))+4*LN(L94/('Read me'!$B$6+L94)))+EXP(GAMMALN(5+'Read me'!$B$6)-GAMMALN('Read me'!$B$6)-GAMMALN(5+1)+'Read me'!$B$6*LN('Read me'!$B$6/('Read me'!$B$6+L94))+5*LN(L94/('Read me'!$B$6+L94)))+EXP(GAMMALN(6+'Read me'!$B$6)-GAMMALN('Read me'!$B$6)-GAMMALN(6+1)+'Read me'!$B$6*LN('Read me'!$B$6/('Read me'!$B$6+L94))+6*LN(L94/('Read me'!$B$6+L94)))),"") | N94: =IFERROR(EXP(GAMMALN(7+'Read me'!$B$6)-GAMMALN('Read me'!$B$6)-GAMMALN(7+1)+'Read me'!$B$6*LN('Read me'!$B$6/('Read me'!$B$6+L94))+7*LN(L94/('Read me'!$B$6+L94))),"") | O94: =IFERROR((1-N94)/M94,"") | Q94: =IF(P94="","",P94*M94+N94-1) | R94: =IF(Q94="","awaiting price",IF(Q94>='Read me'!$B$7,"BET",IF(Q94>=0,"thin","no bet")))
A95: 46298 | B95: Argentina Liga Profesional | C95: Atletico Tucuman v Barracas Central | D95: Atletico Tucuman | E95: Home | F95: Team under | G95: under 7 team corners | H95: 5 | I95: 8 | J95: 4/4 | K95: 4 | L95: 4.22 | M95: =IFERROR((EXP(GAMMALN(0+'Read me'!$B$6)-GAMMALN('Read me'!$B$6)-GAMMALN(0+1)+'Read me'!$B$6*LN('Read me'!$B$6/('Read me'!$B$6+L95))+0*LN(L95/('Read me'!$B$6+L95)))+EXP(GAMMALN(1+'Read me'!$B$6)-GAMMALN('Read me'!$B$6)-GAMMALN(1+1)+'Read me'!$B$6*LN('Read me'!$B$6/('Read me'!$B$6+L95))+1*LN(L95/('Read me'!$B$6+L95)))+EXP(GAMMALN(2+'Read me'!$B$6)-GAMMALN('Read me'!$B$6)-GAMMALN(2+1)+'Read me'!$B$6*LN('Read me'!$B$6/('Read me'!$B$6+L95))+2*LN(L95/('Read me'!$B$6+L95)))+EXP(GAMMALN(3+'Read me'!$B$6)-GAMMALN('Read me'!$B$6)-GAMMALN(3+1)+'Read me'!$B$6*LN('Read me'!$B$6/('Read me'!$B$6+L95))+3*LN(L95/('Read me'!$B$6+L95)))+EXP(GAMMALN(4+'Read me'!$B$6)-GAMMALN('Read me'!$B$6)-GAMMALN(4+1)+'Read me'!$B$6*LN('Read me'!$B$6/('Read me'!$B$6+L95))+4*LN(L95/('Read me'!$B$6+L95)))+EXP(GAMMALN(5+'Read me'!$B$6)-GAMMALN('Read me'!$B$6)-GAMMALN(5+1)+'Read me'!$B$6*LN('Read me'!$B$6/('Read me'!$B$6+L95))+5*LN(L95/('Read me'!$B$6+L95)))+EXP(GAMMALN(6+'Read me'!$B$6)-GAMMALN('Read me'!$B$6)-GAMMALN(6+1)+'Read me'!$B$6*LN('Read me'!$B$6/('Read me'!$B$6+L95))+6*LN(L95/('Read me'!$B$6+L95)))),"") | N95: =IFERROR(EXP(GAMMALN(7+'Read me'!$B$6)-GAMMALN('Read me'!$B$6)-GAMMALN(7+1)+'Read me'!$B$6*LN('Read me'!$B$6/('Read me'!$B$6+L95))+7*LN(L95/('Read me'!$B$6+L95))),"") | O95: =IFERROR((1-N95)/M95,"") | Q95: =IF(P95="","",P95*M95+N95-1) | R95: =IF(Q95="","awaiting price",IF(Q95>='Read me'!$B$7,"BET",IF(Q95>=0,"thin","no bet")))
A96: 46298 | B96: England League Two | C96: Salford City v Fleetwood Town | D96: Fleetwood Town | E96: Away | F96: Team under | G96: under 7 team corners | H96: 5 | I96: 5 | J96: 4/4 | K96: 4.8 | L96: 3.77 | M96: =IFERROR((EXP(GAMMALN(0+'Read me'!$B$6)-GAMMALN('Read me'!$B$6)-GAMMALN(0+1)+'Read me'!$B$6*LN('Read me'!$B$6/('Read me'!$B$6+L96))+0*LN(L96/('Read me'!$B$6+L96)))+EXP(GAMMALN(1+'Read me'!$B$6)-GAMMALN('Read me'!$B$6)-GAMMALN(1+1)+'Read me'!$B$6*LN('Read me'!$B$6/('Read me'!$B$6+L96))+1*LN(L96/('Read me'!$B$6+L96)))+EXP(GAMMALN(2+'Read me'!$B$6)-GAMMALN('Read me'!$B$6)-GAMMALN(2+1)+'Read me'!$B$6*LN('Read me'!$B$6/('Read me'!$B$6+L96))+2*LN(L96/('Read me'!$B$6+L96)))+EXP(GAMMALN(3+'Read me'!$B$6)-GAMMALN('Read me'!$B$6)-GAMMALN(3+1)+'Read me'!$B$6*LN('Read me'!$B$6/('Read me'!$B$6+L96))+3*LN(L96/('Read me'!$B$6+L96)))+EXP(GAMMALN(4+'Read me'!$B$6)-GAMMALN('Read me'!$B$6)-GAMMALN(4+1)+'Read me'!$B$6*LN('Read me'!$B$6/('Read me'!$B$6+L96))+4*LN(L96/('Read me'!$B$6+L96)))+EXP(GAMMALN(5+'Read me'!$B$6)-GAMMALN('Read me'!$B$6)-GAMMALN(5+1)+'Read me'!$B$6*LN('Read me'!$B$6/('Read me'!$B$6+L96))+5*LN(L96/('Read me'!$B$6+L96)))+EXP(GAMMALN(6+'Read me'!$B$6)-GAMMALN('Read me'!$B$6)-GAMMALN(6+1)+'Read me'!$B$6*LN('Read me'!$B$6/('Read me'!$B$6+L96))+6*LN(L96/('Read me'!$B$6+L96)))),"") | N96: =IFERROR(EXP(GAMMALN(7+'Read me'!$B$6)-GAMMALN('Read me'!$B$6)-GAMMALN(7+1)+'Read me'!$B$6*LN('Read me'!$B$6/('Read me'!$B$6+L96))+7*LN(L96/('Read me'!$B$6+L96))),"") | O96: =IFERROR((1-N96)/M96,"") | Q96: =IF(P96="","",P96*M96+N96-1) | R96: =IF(Q96="","awaiting price",IF(Q96>='Read me'!$B$7,"BET",IF(Q96>=0,"thin","no bet")))
A97: 46298 | B97: England League Two | C97: Gillingham v Newport County | D97: Gillingham | E97: Home | F97: Match under | G97: under 12 match corners | H97: 5 | I97: 10 | J97: 4/4 | K97: 8.2 | L97: 9.03 | M97: =IFERROR(POISSON(12-1,L97,TRUE),"") | N97: =IFERROR(POISSON(12,L97,FALSE),"") | O97: =IFERROR((1-N97)/M97,"") | Q97: =IF(P97="","",P97*M97+N97-1) | R97: =IF(Q97="","awaiting price",IF(Q97>='Read me'!$B$7,"BET",IF(Q97>=0,"thin","no bet")))
A98: 46298 | B98: England League Two | C98: Gillingham v Newport County | D98: Newport County | E98: Away | F98: Match under | G98: under 12 match corners | H98: 5 | I98: 5 | J98: 4/4 | K98: 8.6 | L98: 9.03 | M98: =IFERROR(POISSON(12-1,L98,TRUE),"") | N98: =IFERROR(POISSON(12,L98,FALSE),"") | O98: =IFERROR((1-N98)/M98,"") | Q98: =IF(P98="","",P98*M98+N98-1) | R98: =IF(Q98="","awaiting price",IF(Q98>='Read me'!$B$7,"BET",IF(Q98>=0,"thin","no bet")))
A99: 46299 | B99: Netherlands Eerste Divisie | C99: VVV Venlo v Roda | D99: Roda | E99: Away | F99: Team under | G99: under 6 team corners | H99: 5 | I99: 6 | J99: 4/4 | K99: 3.6 | L99: 4.63 | M99: =IFERROR((EXP(GAMMALN(0+'Read me'!$B$6)-GAMMALN('Read me'!$B$6)-GAMMALN(0+1)+'Read me'!$B$6*LN('Read me'!$B$6/('Read me'!$B$6+L99))+0*LN(L99/('Read me'!$B$6+L99)))+EXP(GAMMALN(1+'Read me'!$B$6)-GAMMALN('Read me'!$B$6)-GAMMALN(1+1)+'Read me'!$B$6*LN('Read me'!$B$6/('Read me'!$B$6+L99))+1*LN(L99/('Read me'!$B$6+L99)))+EXP(GAMMALN(2+'Read me'!$B$6)-GAMMALN('Read me'!$B$6)-GAMMALN(2+1)+'Read me'!$B$6*LN('Read me'!$B$6/('Read me'!$B$6+L99))+2*LN(L99/('Read me'!$B$6+L99)))+EXP(GAMMALN(3+'Read me'!$B$6)-GAMMALN('Read me'!$B$6)-GAMMALN(3+1)+'Read me'!$B$6*LN('Read me'!$B$6/('Read me'!$B$6+L99))+3*LN(L99/('Read me'!$B$6+L99)))+EXP(GAMMALN(4+'Read me'!$B$6)-GAMMALN('Read me'!$B$6)-GAMMALN(4+1)+'Read me'!$B$6*LN('Read me'!$B$6/('Read me'!$B$6+L99))+4*LN(L99/('Read me'!$B$6+L99)))+EXP(GAMMALN(5+'Read me'!$B$6)-GAMMALN('Read me'!$B$6)-GAMMALN(5+1)+'Read me'!$B$6*LN('Read me'!$B$6/('Read me'!$B$6+L99))+5*LN(L99/('Read me'!$B$6+L99)))),"") | N99: =IFERROR(EXP(GAMMALN(6+'Read me'!$B$6)-GAMMALN('Read me'!$B$6)-GAMMALN(6+1)+'Read me'!$B$6*LN('Read me'!$B$6/('Read me'!$B$6+L99))+6*LN(L99/('Read me'!$B$6+L99))),"") | O99: =IFERROR((1-N99)/M99,"") | Q99: =IF(P99="","",P99*M99+N99-1) | R99: =IF(Q99="","awaiting price",IF(Q99>='Read me'!$B$7,"BET",IF(Q99>=0,"thin","no bet")))
A100: 46300 | B100: Argentina Liga Profesional | C100: Deportivo Riestra v Central Cordoba de Santiago | D100: Central Cordoba de Santiago | E100: Away | F100: Team over | G100: 5+ team corners | H100: 5 | I100: 5 | J100: 5/5 | K100: 7.2 | L100: 4.19 | M100: =IFERROR(1-(EXP(GAMMALN(0+'Read me'!$B$6)-GAMMALN('Read me'!$B$6)-GAMMALN(0+1)+'Read me'!$B$6*LN('Read me'!$B$6/('Read me'!$B$6+L100))+0*LN(L100/('Read me'!$B$6+L100)))+EXP(GAMMALN(1+'Read me'!$B$6)-GAMMALN('Read me'!$B$6)-GAMMALN(1+1)+'Read me'!$B$6*LN('Read me'!$B$6/('Read me'!$B$6+L100))+1*LN(L100/('Read me'!$B$6+L100)))+EXP(GAMMALN(2+'Read me'!$B$6)-GAMMALN('Read me'!$B$6)-GAMMALN(2+1)+'Read me'!$B$6*LN('Read me'!$B$6/('Read me'!$B$6+L100))+2*LN(L100/('Read me'!$B$6+L100)))+EXP(GAMMALN(3+'Read me'!$B$6)-GAMMALN('Read me'!$B$6)-GAMMALN(3+1)+'Read me'!$B$6*LN('Read me'!$B$6/('Read me'!$B$6+L100))+3*LN(L100/('Read me'!$B$6+L100)))+EXP(GAMMALN(4+'Read me'!$B$6)-GAMMALN('Read me'!$B$6)-GAMMALN(4+1)+'Read me'!$B$6*LN('Read me'!$B$6/('Read me'!$B$6+L100))+4*LN(L100/('Read me'!$B$6+L100)))),"") | N100: 0 | O100: =IFERROR(1/M100,"") | Q100: =IF(P100="","",P100*M100-1) | R100: =IF(Q100="","awaiting price",IF(Q100>='Read me'!$B$7,"BET",IF(Q100>=0,"thin","no bet")))
...

Sheet Mismatches
A1: Date | B1: League | C1: Fixture | D1: Team | E1: Side | F1: Bet | G1: Team/g | H1: Opp conc/g | I1: λ | J1: Run | K1: Prob | L1: Void | M1: Fair | N1: Book | O1: EV | P1: Verdict
A2: 46297 | B2: Brazil Série A | C2: Sao Paulo v Santos | D2: Sao Paulo | E2: Home | F2: 6+ team corners | G2: 8.6 | H2: 5.9 | I2: 7.44 | J2: 7 | K2: =IFERROR(1-(EXP(GAMMALN(0+'Read me'!$B$6)-GAMMALN('Read me'!$B$6)-GAMMALN(0+1)+'Read me'!$B$6*LN('Read me'!$B$6/('Read me'!$B$6+I2))+0*LN(I2/('Read me'!$B$6+I2)))+EXP(GAMMALN(1+'Read me'!$B$6)-GAMMALN('Read me'!$B$6)-GAMMALN(1+1)+'Read me'!$B$6*LN('Read me'!$B$6/('Read me'!$B$6+I2))+1*LN(I2/('Read me'!$B$6+I2)))+EXP(GAMMALN(2+'Read me'!$B$6)-GAMMALN('Read me'!$B$6)-GAMMALN(2+1)+'Read me'!$B$6*LN('Read me'!$B$6/('Read me'!$B$6+I2))+2*LN(I2/('Read me'!$B$6+I2)))+EXP(GAMMALN(3+'Read me'!$B$6)-GAMMALN('Read me'!$B$6)-GAMMALN(3+1)+'Read me'!$B$6*LN('Read me'!$B$6/('Read me'!$B$6+I2))+3*LN(I2/('Read me'!$B$6+I2)))+EXP(GAMMALN(4+'Read me'!$B$6)-GAMMALN('Read me'!$B$6)-GAMMALN(4+1)+'Read me'!$B$6*LN('Read me'!$B$6/('Read me'!$B$6+I2))+4*LN(I2/('Read me'!$B$6+I2)))+EXP(GAMMALN(5+'Read me'!$B$6)-GAMMALN('Read me'!$B$6)-GAMMALN(5+1)+'Read me'!$B$6*LN('Read me'!$B$6/('Read me'!$B$6+I2))+5*LN(I2/('Read me'!$B$6+I2)))),"") | L2: 0 | M2: =IFERROR(1/K2,"") | O2: =IF(N2="","",N2*K2-1) | P2: =IF(O2="","awaiting price",IF(O2>='Read me'!$B$7,"BET",IF(O2>=0,"thin","no bet")))
A3: 46297 | B3: Brazil Série B | C3: Novorizontino v Goias | D3: Novorizontino | E3: Home | F3: 6+ team corners | G3: 8 | H3: 5.9 | I3: 7.32 | J3: 13 | K3: =IFERROR(1-(EXP(GAMMALN(0+'Read me'!$B$6)-GAMMALN('Read me'!$B$6)-GAMMALN(0+1)+'Read me'!$B$6*LN('Read me'!$B$6/('Read me'!$B$6+I3))+0*LN(I3/('Read me'!$B$6+I3)))+EXP(GAMMALN(1+'Read me'!$B$6)-GAMMALN('Read me'!$B$6)-GAMMALN(1+1)+'Read me'!$B$6*LN('Read me'!$B$6/('Read me'!$B$6+I3))+1*LN(I3/('Read me'!$B$6+I3)))+EXP(GAMMALN(2+'Read me'!$B$6)-GAMMALN('Read me'!$B$6)-GAMMALN(2+1)+'Read me'!$B$6*LN('Read me'!$B$6/('Read me'!$B$6+I3))+2*LN(I3/('Read me'!$B$6+I3)))+EXP(GAMMALN(3+'Read me'!$B$6)-GAMMALN('Read me'!$B$6)-GAMMALN(3+1)+'Read me'!$B$6*LN('Read me'!$B$6/('Read me'!$B$6+I3))+3*LN(I3/('Read me'!$B$6+I3)))+EXP(GAMMALN(4+'Read me'!$B$6)-GAMMALN('Read me'!$B$6)-GAMMALN(4+1)+'Read me'!$B$6*LN('Read me'!$B$6/('Read me'!$B$6+I3))+4*LN(I3/('Read me'!$B$6+I3)))+EXP(GAMMALN(5+'Read me'!$B$6)-GAMMALN('Read me'!$B$6)-GAMMALN(5+1)+'Read me'!$B$6*LN('Read me'!$B$6/('Read me'!$B$6+I3))+5*LN(I3/('Read me'!$B$6+I3)))),"") | L3: 0 | M3: =IFERROR(1/K3,"") | O3: =IF(N3="","",N3*K3-1) | P3: =IF(O3="","awaiting price",IF(O3>='Read me'!$B$7,"BET",IF(O3>=0,"thin","no bet")))
A4: 46298 | B4: Netherlands Eerste Divisie | C4: FC OSS v MVV | D4: FC OSS | E4: Home | F4: 6+ team corners | G4: 5.56 | H4: 8.78 | I4: 7.15 | K4: =IFERROR(1-(EXP(GAMMALN(0+'Read me'!$B$6)-GAMMALN('Read me'!$B$6)-GAMMALN(0+1)+'Read me'!$B$6*LN('Read me'!$B$6/('Read me'!$B$6+I4))+0*LN(I4/('Read me'!$B$6+I4)))+EXP(GAMMALN(1+'Read me'!$B$6)-GAMMALN('Read me'!$B$6)-GAMMALN(1+1)+'Read me'!$B$6*LN('Read me'!$B$6/('Read me'!$B$6+I4))+1*LN(I4/('Read me'!$B$6+I4)))+EXP(GAMMALN(2+'Read me'!$B$6)-GAMMALN('Read me'!$B$6)-GAMMALN(2+1)+'Read me'!$B$6*LN('Read me'!$B$6/('Read me'!$B$6+I4))+2*LN(I4/('Read me'!$B$6+I4)))+EXP(GAMMALN(3+'Read me'!$B$6)-GAMMALN('Read me'!$B$6)-GAMMALN(3+1)+'Read me'!$B$6*LN('Read me'!$B$6/('Read me'!$B$6+I4))+3*LN(I4/('Read me'!$B$6+I4)))+EXP(GAMMALN(4+'Read me'!$B$6)-GAMMALN('Read me'!$B$6)-GAMMALN(4+1)+'Read me'!$B$6*LN('Read me'!$B$6/('Read me'!$B$6+I4))+4*LN(I4/('Read me'!$B$6+I4)))+EXP(GAMMALN(5+'Read me'!$B$6)-GAMMALN('Read me'!$B$6)-GAMMALN(5+1)+'Read me'!$B$6*LN('Read me'!$B$6/('Read me'!$B$6+I4))+5*LN(I4/('Read me'!$B$6+I4)))),"") | L4: 0 | M4: =IFERROR(1/K4,"") | O4: =IF(N4="","",N4*K4-1) | P4: =IF(O4="","awaiting price",IF(O4>='Read me'!$B$7,"BET",IF(O4>=0,"thin","no bet")))
A5: 46298 | B5: Brazil Série B | C5: Atletico Goianiense v America Mineiro | D5: Atletico Goianiense | E5: Home | F5: 6+ team corners | G5: 6.5 | H5: 6.5 | I5: 6.72 | J5: 7 | K5: =IFERROR(1-(EXP(GAMMALN(0+'Read me'!$B$6)-GAMMALN('Read me'!$B$6)-GAMMALN(0+1)+'Read me'!$B$6*LN('Read me'!$B$6/('Read me'!$B$6+I5))+0*LN(I5/('Read me'!$B$6+I5)))+EXP(GAMMALN(1+'Read me'!$B$6)-GAMMALN('Read me'!$B$6)-GAMMALN(1+1)+'Read me'!$B$6*LN('Read me'!$B$6/('Read me'!$B$6+I5))+1*LN(I5/('Read me'!$B$6+I5)))+EXP(GAMMALN(2+'Read me'!$B$6)-GAMMALN('Read me'!$B$6)-GAMMALN(2+1)+'Read me'!$B$6*LN('Read me'!$B$6/('Read me'!$B$6+I5))+2*LN(I5/('Read me'!$B$6+I5)))+EXP(GAMMALN(3+'Read me'!$B$6)-GAMMALN('Read me'!$B$6)-GAMMALN(3+1)+'Read me'!$B$6*LN('Read me'!$B$6/('Read me'!$B$6+I5))+3*LN(I5/('Read me'!$B$6+I5)))+EXP(GAMMALN(4+'Read me'!$B$6)-GAMMALN('Read me'!$B$6)-GAMMALN(4+1)+'Read me'!$B$6*LN('Read me'!$B$6/('Read me'!$B$6+I5))+4*LN(I5/('Read me'!$B$6+I5)))+EXP(GAMMALN(5+'Read me'!$B$6)-GAMMALN('Read me'!$B$6)-GAMMALN(5+1)+'Read me'!$B$6*LN('Read me'!$B$6/('Read me'!$B$6+I5))+5*LN(I5/('Read me'!$B$6+I5)))),"") | L5: 0 | M5: =IFERROR(1/K5,"") | O5: =IF(N5="","",N5*K5-1) | P5: =IF(O5="","awaiting price",IF(O5>='Read me'!$B$7,"BET",IF(O5>=0,"thin","no bet")))
A6: 46298 | B6: Brazil Série B | C6: Cuiaba v Ponte Preta | D6: Cuiaba | E6: Home | F6: 6+ team corners | G6: 6.1 | H6: 6.8 | I6: 6.66 | K6: =IFERROR(1-(EXP(GAMMALN(0+'Read me'!$B$6)-GAMMALN('Read me'!$B$6)-GAMMALN(0+1)+'Read me'!$B$6*LN('Read me'!$B$6/('Read me'!$B$6+I6))+0*LN(I6/('Read me'!$B$6+I6)))+EXP(GAMMALN(1+'Read me'!$B$6)-GAMMALN('Read me'!$B$6)-GAMMALN(1+1)+'Read me'!$B$6*LN('Read me'!$B$6/('Read me'!$B$6+I6))+1*LN(I6/('Read me'!$B$6+I6)))+EXP(GAMMALN(2+'Read me'!$B$6)-GAMMALN('Read me'!$B$6)-GAMMALN(2+1)+'Read me'!$B$6*LN('Read me'!$B$6/('Read me'!$B$6+I6))+2*LN(I6/('Read me'!$B$6+I6)))+EXP(GAMMALN(3+'Read me'!$B$6)-GAMMALN('Read me'!$B$6)-GAMMALN(3+1)+'Read me'!$B$6*LN('Read me'!$B$6/('Read me'!$B$6+I6))+3*LN(I6/('Read me'!$B$6+I6)))+EXP(GAMMALN(4+'Read me'!$B$6)-GAMMALN('Read me'!$B$6)-GAMMALN(4+1)+'Read me'!$B$6*LN('Read me'!$B$6/('Read me'!$B$6+I6))+4*LN(I6/('Read me'!$B$6+I6)))+EXP(GAMMALN(5+'Read me'!$B$6)-GAMMALN('Read me'!$B$6)-GAMMALN(5+1)+'Read me'!$B$6*LN('Read me'!$B$6/('Read me'!$B$6+I6))+5*LN(I6/('Read me'!$B$6+I6)))),"") | L6: 0 | M6: =IFERROR(1/K6,"") | O6: =IF(N6="","",N6*K6-1) | P6: =IF(O6="","awaiting price",IF(O6>='Read me'!$B$7,"BET",IF(O6>=0,"thin","no bet")))
A7: 46298 | B7: Brazil Série A | C7: Atletico-MG v RB Bragantino | D7: Atletico-MG | E7: Home | F7: 6+ team corners | G7: 6.11 | H7: 6.5 | I7: 6.61 | K7: =IFERROR(1-(EXP(GAMMALN(0+'Read me'!$B$6)-GAMMALN('Read me'!$B$6)-GAMMALN(0+1)+'Read me'!$B$6*LN('Read me'!$B$6/('Read me'!$B$6+I7))+0*LN(I7/('Read me'!$B$6+I7)))+EXP(GAMMALN(1+'Read me'!$B$6)-GAMMALN('Read me'!$B$6)-GAMMALN(1+1)+'Read me'!$B$6*LN('Read me'!$B$6/('Read me'!$B$6+I7))+1*LN(I7/('Read me'!$B$6+I7)))+EXP(GAMMALN(2+'Read me'!$B$6)-GAMMALN('Read me'!$B$6)-GAMMALN(2+1)+'Read me'!$B$6*LN('Read me'!$B$6/('Read me'!$B$6+I7))+2*LN(I7/('Read me'!$B$6+I7)))+EXP(GAMMALN(3+'Read me'!$B$6)-GAMMALN('Read me'!$B$6)-GAMMALN(3+1)+'Read me'!$B$6*LN('Read me'!$B$6/('Read me'!$B$6+I7))+3*LN(I7/('Read me'!$B$6+I7)))+EXP(GAMMALN(4+'Read me'!$B$6)-GAMMALN('Read me'!$B$6)-GAMMALN(4+1)+'Read me'!$B$6*LN('Read me'!$B$6/('Read me'!$B$6+I7))+4*LN(I7/('Read me'!$B$6+I7)))+EXP(GAMMALN(5+'Read me'!$B$6)-GAMMALN('Read me'!$B$6)-GAMMALN(5+1)+'Read me'!$B$6*LN('Read me'!$B$6/('Read me'!$B$6+I7))+5*LN(I7/('Read me'!$B$6+I7)))),"") | L7: 0 | M7: =IFERROR(1/K7,"") | O7: =IF(N7="","",N7*K7-1) | P7: =IF(O7="","awaiting price",IF(O7>='Read me'!$B$7,"BET",IF(O7>=0,"thin","no bet")))
A8: 46298 | B8: England League One | C8: Leyton Orient v Plymouth | D8: Plymouth | E8: Away | F8: 5+ team corners | G8: 6.3 | H8: 5.8 | I8: 6.37 | J8: 19 | K8: =IFERROR(1-(EXP(GAMMALN(0+'Read me'!$B$6)-GAMMALN('Read me'!$B$6)-GAMMALN(0+1)+'Read me'!$B$6*LN('Read me'!$B$6/('Read me'!$B$6+I8))+0*LN(I8/('Read me'!$B$6+I8)))+EXP(GAMMALN(1+'Read me'!$B$6)-GAMMALN('Read me'!$B$6)-GAMMALN(1+1)+'Read me'!$B$6*LN('Read me'!$B$6/('Read me'!$B$6+I8))+1*LN(I8/('Read me'!$B$6+I8)))+EXP(GAMMALN(2+'Read me'!$B$6)-GAMMALN('Read me'!$B$6)-GAMMALN(2+1)+'Read me'!$B$6*LN('Read me'!$B$6/('Read me'!$B$6+I8))+2*LN(I8/('Read me'!$B$6+I8)))+EXP(GAMMALN(3+'Read me'!$B$6)-GAMMALN('Read me'!$B$6)-GAMMALN(3+1)+'Read me'!$B$6*LN('Read me'!$B$6/('Read me'!$B$6+I8))+3*LN(I8/('Read me'!$B$6+I8)))+EXP(GAMMALN(4+'Read me'!$B$6)-GAMMALN('Read me'!$B$6)-GAMMALN(4+1)+'Read me'!$B$6*LN('Read me'!$B$6/('Read me'!$B$6+I8))+4*LN(I8/('Read me'!$B$6+I8)))),"") | L8: 0 | M8: =IFERROR(1/K8,"") | O8: =IF(N8="","",N8*K8-1) | P8: =IF(O8="","awaiting price",IF(O8>='Read me'!$B$7,"BET",IF(O8>=0,"thin","no bet")))
A9: 46298 | B9: England League Two | C9: Salford City v Fleetwood Town | D9: Salford City | E9: Home | F9: 5+ team corners | G9: 6.22 | H9: 5.7 | I9: 6.03 | J9: 18 | K9: =IFERROR(1-(EXP(GAMMALN(0+'Read me'!$B$6)-GAMMALN('Read me'!$B$6)-GAMMALN(0+1)+'Read me'!$B$6*LN('Read me'!$B$6/('Read me'!$B$6+I9))+0*LN(I9/('Read me'!$B$6+I9)))+EXP(GAMMALN(1+'Read me'!$B$6)-GAMMALN('Read me'!$B$6)-GAMMALN(1+1)+'Read me'!$B$6*LN('Read me'!$B$6/('Read me'!$B$6+I9))+1*LN(I9/('Read me'!$B$6+I9)))+EXP(GAMMALN(2+'Read me'!$B$6)-GAMMALN('Read me'!$B$6)-GAMMALN(2+1)+'Read me'!$B$6*LN('Read me'!$B$6/('Read me'!$B$6+I9))+2*LN(I9/('Read me'!$B$6+I9)))+EXP(GAMMALN(3+'Read me'!$B$6)-GAMMALN('Read me'!$B$6)-GAMMALN(3+1)+'Read me'!$B$6*LN('Read me'!$B$6/('Read me'!$B$6+I9))+3*LN(I9/('Read me'!$B$6+I9)))+EXP(GAMMALN(4+'Read me'!$B$6)-GAMMALN('Read me'!$B$6)-GAMMALN(4+1)+'Read me'!$B$6*LN('Read me'!$B$6/('Read me'!$B$6+I9))+4*LN(I9/('Read me'!$B$6+I9)))),"") | L9: 0 | M9: =IFERROR(1/K9,"") | O9: =IF(N9="","",N9*K9-1) | P9: =IF(O9="","awaiting price",IF(O9>='Read me'!$B$7,"BET",IF(O9>=0,"thin","no bet")))
A10: 46303 | B10: Brazil Série A | C10: Atletico Paranaense v Atletico-MG | D10: Atletico Paranaense | E10: Home | F10: 5+ team corners | G10: 5.89 | H10: 5.91 | I10: 6.02 | K10: =IFERROR(1-(EXP(GAMMALN(0+'Read me'!$B$6)-GAMMALN('Read me'!$B$6)-GAMMALN(0+1)+'Read me'!$B$6*LN('Read me'!$B$6/('Read me'!$B$6+I10))+0*LN(I10/('Read me'!$B$6+I10)))+EXP(GAMMALN(1+'Read me'!$B$6)-GAMMALN('Read me'!$B$6)-GAMMALN(1+1)+'Read me'!$B$6*LN('Read me'!$B$6/('Read me'!$B$6+I10))+1*LN(I10/('Read me'!$B$6+I10)))+EXP(GAMMALN(2+'Read me'!$B$6)-GAMMALN('Read me'!$B$6)-GAMMALN(2+1)+'Read me'!$B$6*LN('Read me'!$B$6/('Read me'!$B$6+I10))+2*LN(I10/('Read me'!$B$6+I10)))+EXP(GAMMALN(3+'Read me'!$B$6)-GAMMALN('Read me'!$B$6)-GAMMALN(3+1)+'Read me'!$B$6*LN('Read me'!$B$6/('Read me'!$B$6+I10))+3*LN(I10/('Read me'!$B$6+I10)))+EXP(GAMMALN(4+'Read me'!$B$6)-GAMMALN('Read me'!$B$6)-GAMMALN(4+1)+'Read me'!$B$6*LN('Read me'!$B$6/('Read me'!$B$6+I10))+4*LN(I10/('Read me'!$B$6+I10)))),"") | L10: 0 | M10: =IFERROR(1/K10,"") | O10: =IF(N10="","",N10*K10-1) | P10: =IF(O10="","awaiting price",IF(O10>='Read me'!$B$7,"BET",IF(O10>=0,"thin","no bet")))
A11: 46298 | B11: England League Two | C11: Chesterfield v Tranmere | D11: Chesterfield | E11: Home | F11: 5+ team corners | G11: 6 | H11: 5.6 | I11: 5.95 | J11: 5 | K11: =IFERROR(1-(EXP(GAMMALN(0+'Read me'!$B$6)-GAMMALN('Read me'!$B$6)-GAMMALN(0+1)+'Read me'!$B$6*LN('Read me'!$B$6/('Read me'!$B$6+I11))+0*LN(I11/('Read me'!$B$6+I11)))+EXP(GAMMALN(1+'Read me'!$B$6)-GAMMALN('Read me'!$B$6)-GAMMALN(1+1)+'Read me'!$B$6*LN('Read me'!$B$6/('Read me'!$B$6+I11))+1*LN(I11/('Read me'!$B$6+I11)))+EXP(GAMMALN(2+'Read me'!$B$6)-GAMMALN('Read me'!$B$6)-GAMMALN(2+1)+'Read me'!$B$6*LN('Read me'!$B$6/('Read me'!$B$6+I11))+2*LN(I11/('Read me'!$B$6+I11)))+EXP(GAMMALN(3+'Read me'!$B$6)-GAMMALN('Read me'!$B$6)-GAMMALN(3+1)+'Read me'!$B$6*LN('Read me'!$B$6/('Read me'!$B$6+I11))+3*LN(I11/('Read me'!$B$6+I11)))+EXP(GAMMALN(4+'Read me'!$B$6)-GAMMALN('Read me'!$B$6)-GAMMALN(4+1)+'Read me'!$B$6*LN('Read me'!$B$6/('Read me'!$B$6+I11))+4*LN(I11/('Read me'!$B$6+I11)))),"") | L11: 0 | M11: =IFERROR(1/K11,"") | O11: =IF(N11="","",N11*K11-1) | P11: =IF(O11="","awaiting price",IF(O11>='Read me'!$B$7,"BET",IF(O11>=0,"thin","no bet")))

Sheet Chase board
A1: Date | B1: League | C1: Fixture | D1: Team | E1: Side | F1: Bet | G1: Team W/g (venue) | H1: Opp conc/g (venue) | I1: L5 hits (overall) | J1: Chase score | K1: λ | L1: Prob | M1: Void | N1: Fair | O1: Book | P1: EV | Q1: Verdict
A2: 46297 | B2: Brazil Série B | C2: Novorizontino v Goias | D2: Novorizontino | E2: Home | F2: 6+ team corners | G2: 8 | H2: 5.9 | I2: 4/5 | J2: =K2*(0.6+0.4*4/5) | K2: 7.32 | L2: =IFERROR(1-(EXP(GAMMALN(0+'Read me'!$B$6)-GAMMALN('Read me'!$B$6)-GAMMALN(0+1)+'Read me'!$B$6*LN('Read me'!$B$6/('Read me'!$B$6+K2))+0*LN(K2/('Read me'!$B$6+K2)))+EXP(GAMMALN(1+'Read me'!$B$6)-GAMMALN('Read me'!$B$6)-GAMMALN(1+1)+'Read me'!$B$6*LN('Read me'!$B$6/('Read me'!$B$6+K2))+1*LN(K2/('Read me'!$B$6+K2)))+EXP(GAMMALN(2+'Read me'!$B$6)-GAMMALN('Read me'!$B$6)-GAMMALN(2+1)+'Read me'!$B$6*LN('Read me'!$B$6/('Read me'!$B$6+K2))+2*LN(K2/('Read me'!$B$6+K2)))+EXP(GAMMALN(3+'Read me'!$B$6)-GAMMALN('Read me'!$B$6)-GAMMALN(3+1)+'Read me'!$B$6*LN('Read me'!$B$6/('Read me'!$B$6+K2))+3*LN(K2/('Read me'!$B$6+K2)))+EXP(GAMMALN(4+'Read me'!$B$6)-GAMMALN('Read me'!$B$6)-GAMMALN(4+1)+'Read me'!$B$6*LN('Read me'!$B$6/('Read me'!$B$6+K2))+4*LN(K2/('Read me'!$B$6+K2)))+EXP(GAMMALN(5+'Read me'!$B$6)-GAMMALN('Read me'!$B$6)-GAMMALN(5+1)+'Read me'!$B$6*LN('Read me'!$B$6/('Read me'!$B$6+K2))+5*LN(K2/('Read me'!$B$6+K2)))),"") | M2: 0 | N2: =IFERROR(1/L2,"") | P2: =IF(O2="","",O2*L2-1) | Q2: =IF(P2="","awaiting price",IF(P2>='Read me'!$B$7,"BET",IF(P2>=0,"thin","no bet")))
A3: 46302 | B3: Brazil Série A | C3: RB Bragantino v Mirassol | D3: RB Bragantino | E3: Home | F3: 7+ team corners | G3: 7 | H3: 7.89 | I3: 3/5 | J3: =K3*(0.6+0.4*3/5) | K3: 7.84 | L3: =IFERROR(1-(EXP(GAMMALN(0+'Read me'!$B$6)-GAMMALN('Read me'!$B$6)-GAMMALN(0+1)+'Read me'!$B$6*LN('Read me'!$B$6/('Read me'!$B$6+K3))+0*LN(K3/('Read me'!$B$6+K3)))+EXP(GAMMALN(1+'Read me'!$B$6)-GAMMALN('Read me'!$B$6)-GAMMALN(1+1)+'Read me'!$B$6*LN('Read me'!$B$6/('Read me'!$B$6+K3))+1*LN(K3/('Read me'!$B$6+K3)))+EXP(GAMMALN(2+'Read me'!$B$6)-GAMMALN('Read me'!$B$6)-GAMMALN(2+1)+'Read me'!$B$6*LN('Read me'!$B$6/('Read me'!$B$6+K3))+2*LN(K3/('Read me'!$B$6+K3)))+EXP(GAMMALN(3+'Read me'!$B$6)-GAMMALN('Read me'!$B$6)-GAMMALN(3+1)+'Read me'!$B$6*LN('Read me'!$B$6/('Read me'!$B$6+K3))+3*LN(K3/('Read me'!$B$6+K3)))+EXP(GAMMALN(4+'Read me'!$B$6)-GAMMALN('Read me'!$B$6)-GAMMALN(4+1)+'Read me'!$B$6*LN('Read me'!$B$6/('Read me'!$B$6+K3))+4*LN(K3/('Read me'!$B$6+K3)))+EXP(GAMMALN(5+'Read me'!$B$6)-GAMMALN('Read me'!$B$6)-GAMMALN(5+1)+'Read me'!$B$6*LN('Read me'!$B$6/('Read me'!$B$6+K3))+5*LN(K3/('Read me'!$B$6+K3)))+EXP(GAMMALN(6+'Read me'!$B$6)-GAMMALN('Read me'!$B$6)-GAMMALN(6+1)+'Read me'!$B$6*LN('Read me'!$B$6/('Read me'!$B$6+K3))+6*LN(K3/('Read me'!$B$6+K3)))),"") | M3: 0 | N3: =IFERROR(1/L3,"") | P3: =IF(O3="","",O3*L3-1) | Q3: =IF(P3="","awaiting price",IF(P3>='Read me'!$B$7,"BET",IF(P3>=0,"thin","no bet")))
A4: 46297 | B4: Brazil Série A | C4: Sao Paulo v Santos | D4: Sao Paulo | E4: Home | F4: 6+ team corners | G4: 8.6 | H4: 5.9 | I4: 3/5 | J4: =K4*(0.6+0.4*3/5) | K4: 7.44 | L4: =IFERROR(1-(EXP(GAMMALN(0+'Read me'!$B$6)-GAMMALN('Read me'!$B$6)-GAMMALN(0+1)+'Read me'!$B$6*LN('Read me'!$B$6/('Read me'!$B$6+K4))+0*LN(K4/('Read me'!$B$6+K4)))+EXP(GAMMALN(1+'Read me'!$B$6)-GAMMALN('Read me'!$B$6)-GAMMALN(1+1)+'Read me'!$B$6*LN('Read me'!$B$6/('Read me'!$B$6+K4))+1*LN(K4/('Read me'!$B$6+K4)))+EXP(GAMMALN(2+'Read me'!$B$6)-GAMMALN('Read me'!$B$6)-GAMMALN(2+1)+'Read me'!$B$6*LN('Read me'!$B$6/('Read me'!$B$6+K4))+2*LN(K4/('Read me'!$B$6+K4)))+EXP(GAMMALN(3+'Read me'!$B$6)-GAMMALN('Read me'!$B$6)-GAMMALN(3+1)+'Read me'!$B$6*LN('Read me'!$B$6/('Read me'!$B$6+K4))+3*LN(K4/('Read me'!$B$6+K4)))+EXP(GAMMALN(4+'Read me'!$B$6)-GAMMALN('Read me'!$B$6)-GAMMALN(4+1)+'Read me'!$B$6*LN('Read me'!$B$6/('Read me'!$B$6+K4))+4*LN(K4/('Read me'!$B$6+K4)))+EXP(GAMMALN(5+'Read me'!$B$6)-GAMMALN('Read me'!$B$6)-GAMMALN(5+1)+'Read me'!$B$6*LN('Read me'!$B$6/('Read me'!$B$6+K4))+5*LN(K4/('Read me'!$B$6+K4)))),"") | M4: 0 | N4: =IFERROR(1/L4,"") | P4: =IF(O4="","",O4*L4-1) | Q4: =IF(P4="","awaiting price",IF(P4>='Read me'!$B$7,"BET",IF(P4>=0,"thin","no bet")))
A5: 46302 | B5: Brazil Série A | C5: Vitoria v Chapecoense-sc | D5: Vitoria | E5: Home | F5: 5+ team corners | G5: 4.9 | H5: 7.27 | I5: 5/5 | J5: =K5*(0.6+0.4*5/5) | K5: 6.23 | L5: =IFERROR(1-(EXP(GAMMALN(0+'Read me'!$B$6)-GAMMALN('Read me'!$B$6)-GAMMALN(0+1)+'Read me'!$B$6*LN('Read me'!$B$6/('Read me'!$B$6+K5))+0*LN(K5/('Read me'!$B$6+K5)))+EXP(GAMMALN(1+'Read me'!$B$6)-GAMMALN('Read me'!$B$6)-GAMMALN(1+1)+'Read me'!$B$6*LN('Read me'!$B$6/('Read me'!$B$6+K5))+1*LN(K5/('Read me'!$B$6+K5)))+EXP(GAMMALN(2+'Read me'!$B$6)-GAMMALN('Read me'!$B$6)-GAMMALN(2+1)+'Read me'!$B$6*LN('Read me'!$B$6/('Read me'!$B$6+K5))+2*LN(K5/('Read me'!$B$6+K5)))+EXP(GAMMALN(3+'Read me'!$B$6)-GAMMALN('Read me'!$B$6)-GAMMALN(3+1)+'Read me'!$B$6*LN('Read me'!$B$6/('Read me'!$B$6+K5))+3*LN(K5/('Read me'!$B$6+K5)))+EXP(GAMMALN(4+'Read me'!$B$6)-GAMMALN('Read me'!$B$6)-GAMMALN(4+1)+'Read me'!$B$6*LN('Read me'!$B$6/('Read me'!$B$6+K5))+4*LN(K5/('Read me'!$B$6+K5)))),"") | M5: 0 | N5: =IFERROR(1/L5,"") | P5: =IF(O5="","",O5*L5-1) | Q5: =IF(P5="","awaiting price",IF(P5>='Read me'!$B$7,"BET",IF(P5>=0,"thin","no bet")))
A6: 46297 | B6: Netherlands Eerste Divisie | C6: Helmond Sport v Heracles | D6: Heracles | E6: Away | F6: 5+ team corners | G6: 7.5 | H6: 3.89 | I6: 5/5 | J6: =K6*(0.6+0.4*5/5) | K6: 6.02 | L6: =IFERROR(1-(EXP(GAMMALN(0+'Read me'!$B$6)-GAMMALN('Read me'!$B$6)-GAMMALN(0+1)+'Read me'!$B$6*LN('Read me'!$B$6/('Read me'!$B$6+K6))+0*LN(K6/('Read me'!$B$6+K6)))+EXP(GAMMALN(1+'Read me'!$B$6)-GAMMALN('Read me'!$B$6)-GAMMALN(1+1)+'Read me'!$B$6*LN('Read me'!$B$6/('Read me'!$B$6+K6))+1*LN(K6/('Read me'!$B$6+K6)))+EXP(GAMMALN(2+'Read me'!$B$6)-GAMMALN('Read me'!$B$6)-GAMMALN(2+1)+'Read me'!$B$6*LN('Read me'!$B$6/('Read me'!$B$6+K6))+2*LN(K6/('Read me'!$B$6+K6)))+EXP(GAMMALN(3+'Read me'!$B$6)-GAMMALN('Read me'!$B$6)-GAMMALN(3+1)+'Read me'!$B$6*LN('Read me'!$B$6/('Read me'!$B$6+K6))+3*LN(K6/('Read me'!$B$6+K6)))+EXP(GAMMALN(4+'Read me'!$B$6)-GAMMALN('Read me'!$B$6)-GAMMALN(4+1)+'Read me'!$B$6*LN('Read me'!$B$6/('Read me'!$B$6+K6))+4*LN(K6/('Read me'!$B$6+K6)))),"") | M6: 0 | N6: =IFERROR(1/L6,"") | P6: =IF(O6="","",O6*L6-1) | Q6: =IF(P6="","awaiting price",IF(P6>='Read me'!$B$7,"BET",IF(P6>=0,"thin","no bet")))
A7: 46298 | B7: Netherlands Eerste Divisie | C7: Den Bosch v Dordrecht | D7: Den Bosch | E7: Home | F7: 5+ team corners | G7: 6.6 | H7: 4.67 | I7: 5/5 | J7: =K7*(0.6+0.4*5/5) | K7: 5.87 | L7: =IFERROR(1-(EXP(GAMMALN(0+'Read me'!$B$6)-GAMMALN('Read me'!$B$6)-GAMMALN(0+1)+'Read me'!$B$6*LN('Read me'!$B$6/('Read me'!$B$6+K7))+0*LN(K7/('Read me'!$B$6+K7)))+EXP(GAMMALN(1+'Read me'!$B$6)-GAMMALN('Read me'!$B$6)-GAMMALN(1+1)+'Read me'!$B$6*LN('Read me'!$B$6/('Read me'!$B$6+K7))+1*LN(K7/('Read me'!$B$6+K7)))+EXP(GAMMALN(2+'Read me'!$B$6)-GAMMALN('Read me'!$B$6)-GAMMALN(2+1)+'Read me'!$B$6*LN('Read me'!$B$6/('Read me'!$B$6+K7))+2*LN(K7/('Read me'!$B$6+K7)))+EXP(GAMMALN(3+'Read me'!$B$6)-GAMMALN('Read me'!$B$6)-GAMMALN(3+1)+'Read me'!$B$6*LN('Read me'!$B$6/('Read me'!$B$6+K7))+3*LN(K7/('Read me'!$B$6+K7)))+EXP(GAMMALN(4+'Read me'!$B$6)-GAMMALN('Read me'!$B$6)-GAMMALN(4+1)+'Read me'!$B$6*LN('Read me'!$B$6/('Read me'!$B$6+K7))+4*LN(K7/('Read me'!$B$6+K7)))),"") | M7: 0 | N7: =IFERROR(1/L7,"") | P7: =IF(O7="","",O7*L7-1) | Q7: =IF(P7="","awaiting price",IF(P7>='Read me'!$B$7,"BET",IF(P7>=0,"thin","no bet")))
A8: 46297 | B8: Brazil Série B | C8: São Bernardo v CRB | D8: CRB | E8: Away | F8: 5+ team corners | G8: 5.4 | H8: 5.8 | I8: 5/5 | J8: =K8*(0.6+0.4*5/5) | K8: 5.83 | L8: =IFERROR(1-(EXP(GAMMALN(0+'Read me'!$B$6)-GAMMALN('Read me'!$B$6)-GAMMALN(0+1)+'Read me'!$B$6*LN('Read me'!$B$6/('Read me'!$B$6+K8))+0*LN(K8/('Read me'!$B$6+K8)))+EXP(GAMMALN(1+'Read me'!$B$6)-GAMMALN('Read me'!$B$6)-GAMMALN(1+1)+'Read me'!$B$6*LN('Read me'!$B$6/('Read me'!$B$6+K8))+1*LN(K8/('Read me'!$B$6+K8)))+EXP(GAMMALN(2+'Read me'!$B$6)-GAMMALN('Read me'!$B$6)-GAMMALN(2+1)+'Read me'!$B$6*LN('Read me'!$B$6/('Read me'!$B$6+K8))+2*LN(K8/('Read me'!$B$6+K8)))+EXP(GAMMALN(3+'Read me'!$B$6)-GAMMALN('Read me'!$B$6)-GAMMALN(3+1)+'Read me'!$B$6*LN('Read me'!$B$6/('Read me'!$B$6+K8))+3*LN(K8/('Read me'!$B$6+K8)))+EXP(GAMMALN(4+'Read me'!$B$6)-GAMMALN('Read me'!$B$6)-GAMMALN(4+1)+'Read me'!$B$6*LN('Read me'!$B$6/('Read me'!$B$6+K8))+4*LN(K8/('Read me'!$B$6+K8)))),"") | M8: 0 | N8: =IFERROR(1/L8,"") | P8: =IF(O8="","",O8*L8-1) | Q8: =IF(P8="","awaiting price",IF(P8>='Read me'!$B$7,"BET",IF(P8>=0,"thin","no bet")))
A9: 46301 | B9: Brazil Série B | C9: Goias v Athletic Club | D9: Goias | E9: Home | F9: 5+ team corners | G9: 6.1 | H9: 5 | I9: 5/5 | J9: =K9*(0.6+0.4*5/5) | K9: 5.71 | L9: =IFERROR(1-(EXP(GAMMALN(0+'Read me'!$B$6)-GAMMALN('Read me'!$B$6)-GAMMALN(0+1)+'Read me'!$B$6*LN('Read me'!$B$6/('Read me'!$B$6+K9))+0*LN(K9/('Read me'!$B$6+K9)))+EXP(GAMMALN(1+'Read me'!$B$6)-GAMMALN('Read me'!$B$6)-GAMMALN(1+1)+'Read me'!$B$6*LN('Read me'!$B$6/('Read me'!$B$6+K9))+1*LN(K9/('Read me'!$B$6+K9)))+EXP(GAMMALN(2+'Read me'!$B$6)-GAMMALN('Read me'!$B$6)-GAMMALN(2+1)+'Read me'!$B$6*LN('Read me'!$B$6/('Read me'!$B$6+K9))+2*LN(K9/('Read me'!$B$6+K9)))+EXP(GAMMALN(3+'Read me'!$B$6)-GAMMALN('Read me'!$B$6)-GAMMALN(3+1)+'Read me'!$B$6*LN('Read me'!$B$6/('Read me'!$B$6+K9))+3*LN(K9/('Read me'!$B$6+K9)))+EXP(GAMMALN(4+'Read me'!$B$6)-GAMMALN('Read me'!$B$6)-GAMMALN(4+1)+'Read me'!$B$6*LN('Read me'!$B$6/('Read me'!$B$6+K9))+4*LN(K9/('Read me'!$B$6+K9)))),"") | M9: 0 | N9: =IFERROR(1/L9,"") | P9: =IF(O9="","",O9*L9-1) | Q9: =IF(P9="","awaiting price",IF(P9>='Read me'!$B$7,"BET",IF(P9>=0,"thin","no bet")))
A10: 46302 | B10: Brazil Série B | C10: CRB v Atletico Goianiense | D10: CRB | E10: Home | F10: 5+ team corners | G10: 5.7 | H10: 5 | I10: 5/5 | J10: =K10*(0.6+0.4*5/5) | K10: 5.67 | L10: =IFERROR(1-(EXP(GAMMALN(0+'Read me'!$B$6)-GAMMALN('Read me'!$B$6)-GAMMALN(0+1)+'Read me'!$B$6*LN('Read me'!$B$6/('Read me'!$B$6+K10))+0*LN(K10/('Read me'!$B$6+K10)))+EXP(GAMMALN(1+'Read me'!$B$6)-GAMMALN('Read me'!$B$6)-GAMMALN(1+1)+'Read me'!$B$6*LN('Read me'!$B$6/('Read me'!$B$6+K10))+1*LN(K10/('Read me'!$B$6+K10)))+EXP(GAMMALN(2+'Read me'!$B$6)-GAMMALN('Read me'!$B$6)-GAMMALN(2+1)+'Read me'!$B$6*LN('Read me'!$B$6/('Read me'!$B$6+K10))+2*LN(K10/('Read me'!$B$6+K10)))+EXP(GAMMALN(3+'Read me'!$B$6)-GAMMALN('Read me'!$B$6)-GAMMALN(3+1)+'Read me'!$B$6*LN('Read me'!$B$6/('Read me'!$B$6+K10))+3*LN(K10/('Read me'!$B$6+K10)))+EXP(GAMMALN(4+'Read me'!$B$6)-GAMMALN('Read me'!$B$6)-GAMMALN(4+1)+'Read me'!$B$6*LN('Read me'!$B$6/('Read me'!$B$6+K10))+4*LN(K10/('Read me'!$B$6+K10)))),"") | M10: 0 | N10: =IFERROR(1/L10,"") | P10: =IF(O10="","",O10*L10-1) | Q10: =IF(P10="","awaiting price",IF(P10>='Read me'!$B$7,"BET",IF(P10>=0,"thin","no bet")))
A11: 46296 | B11: Brazil Série B | C11: Athletic Club v Sport Recife | D11: Athletic Club | E11: Home | F11: 5+ team corners | G11: 5.1 | H11: 7 | I11: 4/5 | J11: =K11*(0.6+0.4*4/5) | K11: 6.16 | L11: =IFERROR(1-(EXP(GAMMALN(0+'Read me'!$B$6)-GAMMALN('Read me'!$B$6)-GAMMALN(0+1)+'Read me'!$B$6*LN('Read me'!$B$6/('Read me'!$B$6+K11))+0*LN(K11/('Read me'!$B$6+K11)))+EXP(GAMMALN(1+'Read me'!$B$6)-GAMMALN('Read me'!$B$6)-GAMMALN(1+1)+'Read me'!$B$6*LN('Read me'!$B$6/('Read me'!$B$6+K11))+1*LN(K11/('Read me'!$B$6+K11)))+EXP(GAMMALN(2+'Read me'!$B$6)-GAMMALN('Read me'!$B$6)-GAMMALN(2+1)+'Read me'!$B$6*LN('Read me'!$B$6/('Read me'!$B$6+K11))+2*LN(K11/('Read me'!$B$6+K11)))+EXP(GAMMALN(3+'Read me'!$B$6)-GAMMALN('Read me'!$B$6)-GAMMALN(3+1)+'Read me'!$B$6*LN('Read me'!$B$6/('Read me'!$B$6+K11))+3*LN(K11/('Read me'!$B$6+K11)))+EXP(GAMMALN(4+'Read me'!$B$6)-GAMMALN('Read me'!$B$6)-GAMMALN(4+1)+'Read me'!$B$6*LN('Read me'!$B$6/('Read me'!$B$6+K11))+4*LN(K11/('Read me'!$B$6+K11)))),"") | M11: 0 | N11: =IFERROR(1/L11,"") | P11: =IF(O11="","",O11*L11-1) | Q11: =IF(P11="","awaiting price",IF(P11>='Read me'!$B$7,"BET",IF(P11>=0,"thin","no bet")))
A12: 46303 | B12: Brazil Série B | C12: Nautico Recife v Novorizontino | D12: Nautico Recife | E12: Home | F12: 6+ team corners | G12: 7.2 | H12: 6.9 | I12: 2/5 | J12: =K12*(0.6+0.4*2/5) | K12: 7.4 | L12: =IFERROR(1-(EXP(GAMMALN(0+'Read me'!$B$6)-GAMMALN('Read me'!$B$6)-GAMMALN(0+1)+'Read me'!$B$6*LN('Read me'!$B$6/('Read me'!$B$6+K12))+0*LN(K12/('Read me'!$B$6+K12)))+EXP(GAMMALN(1+'Read me'!$B$6)-GAMMALN('Read me'!$B$6)-GAMMALN(1+1)+'Read me'!$B$6*LN('Read me'!$B$6/('Read me'!$B$6+K12))+1*LN(K12/('Read me'!$B$6+K12)))+EXP(GAMMALN(2+'Read me'!$B$6)-GAMMALN('Read me'!$B$6)-GAMMALN(2+1)+'Read me'!$B$6*LN('Read me'!$B$6/('Read me'!$B$6+K12))+2*LN(K12/('Read me'!$B$6+K12)))+EXP(GAMMALN(3+'Read me'!$B$6)-GAMMALN('Read me'!$B$6)-GAMMALN(3+1)+'Read me'!$B$6*LN('Read me'!$B$6/('Read me'!$B$6+K12))+3*LN(K12/('Read me'!$B$6+K12)))+EXP(GAMMALN(4+'Read me'!$B$6)-GAMMALN('Read me'!$B$6)-GAMMALN(4+1)+'Read me'!$B$6*LN('Read me'!$B$6/('Read me'!$B$6+K12))+4*LN(K12/('Read me'!$B$6+K12)))+EXP(GAMMALN(5+'Read me'!$B$6)-GAMMALN('Read me'!$B$6)-GAMMALN(5+1)+'Read me'!$B$6*LN('Read me'!$B$6/('Read me'!$B$6+K12))+5*LN(K12/('Read me'!$B$6+K12)))),"") | M12: 0 | N12: =IFERROR(1/L12,"") | P12: =IF(O12="","",O12*L12-1) | Q12: =IF(P12="","awaiting price",IF(P12>='Read me'!$B$7,"BET",IF(P12>=0,"thin","no bet")))
A13: 46298 | B13: Brazil Série B | C13: Cuiaba v Ponte Preta | D13: Cuiaba | E13: Home | F13: 6+ team corners | G13: 6.1 | H13: 6.8 | I13: 3/5 | J13: =K13*(0.6+0.4*3/5) | K13: 6.66 | L13: =IFERROR(1-(EXP(GAMMALN(0+'Read me'!$B$6)-GAMMALN('Read me'!$B$6)-GAMMALN(0+1)+'Read me'!$B$6*LN('Read me'!$B$6/('Read me'!$B$6+K13))+0*LN(K13/('Read me'!$B$6+K13)))+EXP(GAMMALN(1+'Read me'!$B$6)-GAMMALN('Read me'!$B$6)-GAMMALN(1+1)+'Read me'!$B$6*LN('Read me'!$B$6/('Read me'!$B$6+K13))+1*LN(K13/('Read me'!$B$6+K13)))+EXP(GAMMALN(2+'Read me'!$B$6)-GAMMALN('Read me'!$B$6)-GAMMALN(2+1)+'Read me'!$B$6*LN('Read me'!$B$6/('Read me'!$B$6+K13))+2*LN(K13/('Read me'!$B$6+K13)))+EXP(GAMMALN(3+'Read me'!$B$6)-GAMMALN('Read me'!$B$6)-GAMMALN(3+1)+'Read me'!$B$6*LN('Read me'!$B$6/('Read me'!$B$6+K13))+3*LN(K13/('Read me'!$B$6+K13)))+EXP(GAMMALN(4+'Read me'!$B$6)-GAMMALN('Read me'!$B$6)-GAMMALN(4+1)+'Read me'!$B$6*LN('Read me'!$B$6/('Read me'!$B$6+K13))+4*LN(K13/('Read me'!$B$6+K13)))+EXP(GAMMALN(5+'Read me'!$B$6)-GAMMALN('Read me'!$B$6)-GAMMALN(5+1)+'Read me'!$B$6*LN('Read me'!$B$6/('Read me'!$B$6+K13))+5*LN(K13/('Read me'!$B$6+K13)))),"") | M13: 0 | N13: =IFERROR(1/L13,"") | P13: =IF(O13="","",O13*L13-1) | Q13: =IF(P13="","awaiting price",IF(P13>='Read me'!$B$7,"BET",IF(P13>=0,"thin","no bet")))
A14: 46298 | B14: England League Two | C14: Salford City v Fleetwood Town | D14: Salford City | E14: Home | F14: 5+ team corners | G14: 6.22 | H14: 5.7 | I14: 4/5 | J14: =K14*(0.6+0.4*4/5) | K14: 6.03 | L14: =IFERROR(1-(EXP(GAMMALN(0+'Read me'!$B$6)-GAMMALN('Read me'!$B$6)-GAMMALN(0+1)+'Read me'!$B$6*LN('Read me'!$B$6/('Read me'!$B$6+K14))+0*LN(K14/('Read me'!$B$6+K14)))+EXP(GAMMALN(1+'Read me'!$B$6)-GAMMALN('Read me'!$B$6)-GAMMALN(1+1)+'Read me'!$B$6*LN('Read me'!$B$6/('Read me'!$B$6+K14))+1*LN(K14/('Read me'!$B$6+K14)))+EXP(GAMMALN(2+'Read me'!$B$6)-GAMMALN('Read me'!$B$6)-GAMMALN(2+1)+'Read me'!$B$6*LN('Read me'!$B$6/('Read me'!$B$6+K14))+2*LN(K14/('Read me'!$B$6+K14)))+EXP(GAMMALN(3+'Read me'!$B$6)-GAMMALN('Read me'!$B$6)-GAMMALN(3+1)+'Read me'!$B$6*LN('Read me'!$B$6/('Read me'!$B$6+K14))+3*LN(K14/('Read me'!$B$6+K14)))+EXP(GAMMALN(4+'Read me'!$B$6)-GAMMALN('Read me'!$B$6)-GAMMALN(4+1)+'Read me'!$B$6*LN('Read me'!$B$6/('Read me'!$B$6+K14))+4*LN(K14/('Read me'!$B$6+K14)))),"") | M14: 0 | N14: =IFERROR(1/L14,"") | P14: =IF(O14="","",O14*L14-1) | Q14: =IF(P14="","awaiting price",IF(P14>='Read me'!$B$7,"BET",IF(P14>=0,"thin","no bet")))
A15: 46298 | B15: England League Two | C15: Barnet v York | D15: York | E15: Away | F15: 4+ team corners | G15: 6.5 | H15: 3.9 | I15: 5/5 | J15: =K15*(0.6+0.4*5/5) | K15: 5.49 | L15: =IFERROR(1-(EXP(GAMMALN(0+'Read me'!$B$6)-GAMMALN('Read me'!$B$6)-GAMMALN(0+1)+'Read me'!$B$6*LN('Read me'!$B$6/('Read me'!$B$6+K15))+0*LN(K15/('Read me'!$B$6+K15)))+EXP(GAMMALN(1+'Read me'!$B$6)-GAMMALN('Read me'!$B$6)-GAMMALN(1+1)+'Read me'!$B$6*LN('Read me'!$B$6/('Read me'!$B$6+K15))+1*LN(K15/('Read me'!$B$6+K15)))+EXP(GAMMALN(2+'Read me'!$B$6)-GAMMALN('Read me'!$B$6)-GAMMALN(2+1)+'Read me'!$B$6*LN('Read me'!$B$6/('Read me'!$B$6+K15))+2*LN(K15/('Read me'!$B$6+K15)))+EXP(GAMMALN(3+'Read me'!$B$6)-GAMMALN('Read me'!$B$6)-GAMMALN(3+1)+'Read me'!$B$6*LN('Read me'!$B$6/('Read me'!$B$6+K15))+3*LN(K15/('Read me'!$B$6+K15)))),"") | M15: 0 | N15: =IFERROR(1/L15,"") | P15: =IF(O15="","",O15*L15-1) | Q15: =IF(P15="","awaiting price",IF(P15>='Read me'!$B$7,"BET",IF(P15>=0,"thin","no bet")))
A16: 46303 | B16: Brazil Série B | C16: Ceara v Criciuma | D16: Criciuma | E16: Away | F16: 4+ team corners | G16: 6.75 | H16: 4 | I16: 5/5 | J16: =K16*(0.6+0.4*5/5) | K16: 5.44 | L16: =IFERROR(1-(EXP(GAMMALN(0+'Read me'!$B$6)-GAMMALN('Read me'!$B$6)-GAMMALN(0+1)+'Read me'!$B$6*LN('Read me'!$B$6/('Read me'!$B$6+K16))+0*LN(K16/('Read me'!$B$6+K16)))+EXP(GAMMALN(1+'Read me'!$B$6)-GAMMALN('Read me'!$B$6)-GAMMALN(1+1)+'Read me'!$B$6*LN('Read me'!$B$6/('Read me'!$B$6+K16))+1*LN(K16/('Read me'!$B$6+K16)))+EXP(GAMMALN(2+'Read me'!$B$6)-GAMMALN('Read me'!$B$6)-GAMMALN(2+1)+'Read me'!$B$6*LN('Read me'!$B$6/('Read me'!$B$6+K16))+2*LN(K16/('Read me'!$B$6+K16)))+EXP(GAMMALN(3+'Read me'!$B$6)-GAMMALN('Read me'!$B$6)-GAMMALN(3+1)+'Read me'!$B$6*LN('Read me'!$B$6/('Read me'!$B$6+K16))+3*LN(K16/('Read me'!$B$6+K16)))),"") | M16: 0 | N16: =IFERROR(1/L16,"") | P16: =IF(O16="","",O16*L16-1) | Q16: =IF(P16="","awaiting price",IF(P16>='Read me'!$B$7,"BET",IF(P16>=0,"thin","no bet")))
A17: 46298 | B17: Brazil Série B | C17: Botafogo SP v Vila Nova | D17: Botafogo SP | E17: Home | F17: 5+ team corners | G17: 6.1 | H17: 5.5 | I17: 4/5 | J17: =K17*(0.6+0.4*4/5) | K17: 5.9 | L17: =IFERROR(1-(EXP(GAMMALN(0+'Read me'!$B$6)-GAMMALN('Read me'!$B$6)-GAMMALN(0+1)+'Read me'!$B$6*LN('Read me'!$B$6/('Read me'!$B$6+K17))+0*LN(K17/('Read me'!$B$6+K17)))+EXP(GAMMALN(1+'Read me'!$B$6)-GAMMALN('Read me'!$B$6)-GAMMALN(1+1)+'Read me'!$B$6*LN('Read me'!$B$6/('Read me'!$B$6+K17))+1*LN(K17/('Read me'!$B$6+K17)))+EXP(GAMMALN(2+'Read me'!$B$6)-GAMMALN('Read me'!$B$6)-GAMMALN(2+1)+'Read me'!$B$6*LN('Read me'!$B$6/('Read me'!$B$6+K17))+2*LN(K17/('Read me'!$B$6+K17)))+EXP(GAMMALN(3+'Read me'!$B$6)-GAMMALN('Read me'!$B$6)-GAMMALN(3+1)+'Read me'!$B$6*LN('Read me'!$B$6/('Read me'!$B$6+K17))+3*LN(K17/('Read me'!$B$6+K17)))+EXP(GAMMALN(4+'Read me'!$B$6)-GAMMALN('Read me'!$B$6)-GAMMALN(4+1)+'Read me'!$B$6*LN('Read me'!$B$6/('Read me'!$B$6+K17))+4*LN(K17/('Read me'!$B$6+K17)))),"") | M17: 0 | N17: =IFERROR(1/L17,"") | P17: =IF(O17="","",O17*L17-1) | Q17: =IF(P17="","awaiting price",IF(P17>='Read me'!$B$7,"BET",IF(P17>=0,"thin","no bet")))
A18: 46298 | B18: England League Two | C18: Grimsby v Shrewsbury | D18: Grimsby | E18: Home | F18: 5+ team corners | G18: 6.7 | H18: 4.5 | I18: 4/5 | J18: =K18*(0.6+0.4*4/5) | K18: 5.87 | L18: =IFERROR(1-(EXP(GAMMALN(0+'Read me'!$B$6)-GAMMALN('Read me'!$B$6)-GAMMALN(0+1)+'Read me'!$B$6*LN('Read me'!$B$6/('Read me'!$B$6+K18))+0*LN(K18/('Read me'!$B$6+K18)))+EXP(GAMMALN(1+'Read me'!$B$6)-GAMMALN('Read me'!$B$6)-GAMMALN(1+1)+'Read me'!$B$6*LN('Read me'!$B$6/('Read me'!$B$6+K18))+1*LN(K18/('Read me'!$B$6+K18)))+EXP(GAMMALN(2+'Read me'!$B$6)-GAMMALN('Read me'!$B$6)-GAMMALN(2+1)+'Read me'!$B$6*LN('Read me'!$B$6/('Read me'!$B$6+K18))+2*LN(K18/('Read me'!$B$6+K18)))+EXP(GAMMALN(3+'Read me'!$B$6)-GAMMALN('Read me'!$B$6)-GAMMALN(3+1)+'Read me'!$B$6*LN('Read me'!$B$6/('Read me'!$B$6+K18))+3*LN(K18/('Read me'!$B$6+K18)))+EXP(GAMMALN(4+'Read me'!$B$6)-GAMMALN('Read me'!$B$6)-GAMMALN(4+1)+'Read me'!$B$6*LN('Read me'!$B$6/('Read me'!$B$6+K18))+4*LN(K18/('Read me'!$B$6+K18)))),"") | M18: 0 | N18: =IFERROR(1/L18,"") | P18: =IF(O18="","",O18*L18-1) | Q18: =IF(P18="","awaiting price",IF(P18>='Read me'!$B$7,"BET",IF(P18>=0,"thin","no bet")))
A19: 46297 | B19: Brazil Série B | C19: Londrina v Criciuma | D19: Criciuma | E19: Away | F19: 5+ team corners | G19: 6.75 | H19: 4.73 | I19: 4/5 | J19: =K19*(0.6+0.4*4/5) | K19: 5.81 | L19: =IFERROR(1-(EXP(GAMMALN(0+'Read me'!$B$6)-GAMMALN('Read me'!$B$6)-GAMMALN(0+1)+'Read me'!$B$6*LN('Read me'!$B$6/('Read me'!$B$6+K19))+0*LN(K19/('Read me'!$B$6+K19)))+EXP(GAMMALN(1+'Read me'!$B$6)-GAMMALN('Read me'!$B$6)-GAMMALN(1+1)+'Read me'!$B$6*LN('Read me'!$B$6/('Read me'!$B$6+K19))+1*LN(K19/('Read me'!$B$6+K19)))+EXP(GAMMALN(2+'Read me'!$B$6)-GAMMALN('Read me'!$B$6)-GAMMALN(2+1)+'Read me'!$B$6*LN('Read me'!$B$6/('Read me'!$B$6+K19))+2*LN(K19/('Read me'!$B$6+K19)))+EXP(GAMMALN(3+'Read me'!$B$6)-GAMMALN('Read me'!$B$6)-GAMMALN(3+1)+'Read me'!$B$6*LN('Read me'!$B$6/('Read me'!$B$6+K19))+3*LN(K19/('Read me'!$B$6+K19)))+EXP(GAMMALN(4+'Read me'!$B$6)-GAMMALN('Read me'!$B$6)-GAMMALN(4+1)+'Read me'!$B$6*LN('Read me'!$B$6/('Read me'!$B$6+K19))+4*LN(K19/('Read me'!$B$6+K19)))),"") | M19: 0 | N19: =IFERROR(1/L19,"") | P19: =IF(O19="","",O19*L19-1) | Q19: =IF(P19="","awaiting price",IF(P19>='Read me'!$B$7,"BET",IF(P19>=0,"thin","no bet")))
A20: 46302 | B20: Brazil Série B | C20: Avai v Londrina | D20: Londrina | E20: Away | F20: 4+ team corners | G20: 4.67 | H20: 5.75 | I20: 5/5 | J20: =K20*(0.6+0.4*5/5) | K20: 5.21 | L20: =IFERROR(1-(EXP(GAMMALN(0+'Read me'!$B$6)-GAMMALN('Read me'!$B$6)-GAMMALN(0+1)+'Read me'!$B$6*LN('Read me'!$B$6/('Read me'!$B$6+K20))+0*LN(K20/('Read me'!$B$6+K20)))+EXP(GAMMALN(1+'Read me'!$B$6)-GAMMALN('Read me'!$B$6)-GAMMALN(1+1)+'Read me'!$B$6*LN('Read me'!$B$6/('Read me'!$B$6+K20))+1*LN(K20/('Read me'!$B$6+K20)))+EXP(GAMMALN(2+'Read me'!$B$6)-GAMMALN('Read me'!$B$6)-GAMMALN(2+1)+'Read me'!$B$6*LN('Read me'!$B$6/('Read me'!$B$6+K20))+2*LN(K20/('Read me'!$B$6+K20)))+EXP(GAMMALN(3+'Read me'!$B$6)-GAMMALN('Read me'!$B$6)-GAMMALN(3+1)+'Read me'!$B$6*LN('Read me'!$B$6/('Read me'!$B$6+K20))+3*LN(K20/('Read me'!$B$6+K20)))),"") | M20: 0 | N20: =IFERROR(1/L20,"") | P20: =IF(O20="","",O20*L20-1) | Q20: =IF(P20="","awaiting price",IF(P20>='Read me'!$B$7,"BET",IF(P20>=0,"thin","no bet")))
A21: 46302 | B21: Brazil Série B | C21: Vila Nova v Cuiaba | D21: Cuiaba | E21: Away | F21: 5+ team corners | G21: 6.4 | H21: 5.8 | I21: 3/5 | J21: =K21*(0.6+0.4*3/5) | K21: 6.09 | L21: =IFERROR(1-(EXP(GAMMALN(0+'Read me'!$B$6)-GAMMALN('Read me'!$B$6)-GAMMALN(0+1)+'Read me'!$B$6*LN('Read me'!$B$6/('Read me'!$B$6+K21))+0*LN(K21/('Read me'!$B$6+K21)))+EXP(GAMMALN(1+'Read me'!$B$6)-GAMMALN('Read me'!$B$6)-GAMMALN(1+1)+'Read me'!$B$6*LN('Read me'!$B$6/('Read me'!$B$6+K21))+1*LN(K21/('Read me'!$B$6+K21)))+EXP(GAMMALN(2+'Read me'!$B$6)-GAMMALN('Read me'!$B$6)-GAMMALN(2+1)+'Read me'!$B$6*LN('Read me'!$B$6/('Read me'!$B$6+K21))+2*LN(K21/('Read me'!$B$6+K21)))+EXP(GAMMALN(3+'Read me'!$B$6)-GAMMALN('Read me'!$B$6)-GAMMALN(3+1)+'Read me'!$B$6*LN('Read me'!$B$6/('Read me'!$B$6+K21))+3*LN(K21/('Read me'!$B$6+K21)))+EXP(GAMMALN(4+'Read me'!$B$6)-GAMMALN('Read me'!$B$6)-GAMMALN(4+1)+'Read me'!$B$6*LN('Read me'!$B$6/('Read me'!$B$6+K21))+4*LN(K21/('Read me'!$B$6+K21)))),"") | M21: 0 | N21: =IFERROR(1/L21,"") | P21: =IF(O21="","",O21*L21-1) | Q21: =IF(P21="","awaiting price",IF(P21>='Read me'!$B$7,"BET",IF(P21>=0,"thin","no bet")))
A22: 46298 | B22: Brazil Série B | C22: Atletico Goianiense v America Mineiro | D22: Atletico Goianiense | E22: Home | F22: 6+ team corners | G22: 6.5 | H22: 6.5 | I22: 2/5 | J22: =K22*(0.6+0.4*2/5) | K22: 6.72 | L22: =IFERROR(1-(EXP(GAMMALN(0+'Read me'!$B$6)-GAMMALN('Read me'!$B$6)-GAMMALN(0+1)+'Read me'!$B$6*LN('Read me'!$B$6/('Read me'!$B$6+K22))+0*LN(K22/('Read me'!$B$6+K22)))+EXP(GAMMALN(1+'Read me'!$B$6)-GAMMALN('Read me'!$B$6)-GAMMALN(1+1)+'Read me'!$B$6*LN('Read me'!$B$6/('Read me'!$B$6+K22))+1*LN(K22/('Read me'!$B$6+K22)))+EXP(GAMMALN(2+'Read me'!$B$6)-GAMMALN('Read me'!$B$6)-GAMMALN(2+1)+'Read me'!$B$6*LN('Read me'!$B$6/('Read me'!$B$6+K22))+2*LN(K22/('Read me'!$B$6+K22)))+EXP(GAMMALN(3+'Read me'!$B$6)-GAMMALN('Read me'!$B$6)-GAMMALN(3+1)+'Read me'!$B$6*LN('Read me'!$B$6/('Read me'!$B$6+K22))+3*LN(K22/('Read me'!$B$6+K22)))+EXP(GAMMALN(4+'Read me'!$B$6)-GAMMALN('Read me'!$B$6)-GAMMALN(4+1)+'Read me'!$B$6*LN('Read me'!$B$6/('Read me'!$B$6+K22))+4*LN(K22/('Read me'!$B$6+K22)))+EXP(GAMMALN(5+'Read me'!$B$6)-GAMMALN('Read me'!$B$6)-GAMMALN(5+1)+'Read me'!$B$6*LN('Read me'!$B$6/('Read me'!$B$6+K22))+5*LN(K22/('Read me'!$B$6+K22)))),"") | M22: 0 | N22: =IFERROR(1/L22,"") | P22: =IF(O22="","",O22*L22-1) | Q22: =IF(P22="","awaiting price",IF(P22>='Read me'!$B$7,"BET",IF(P22>=0,"thin","no bet")))
A23: 46298 | B23: England League One | C23: Wigan v Mansfield Town | D23: Wigan | E23: Home | F23: 4+ team corners | G23: 5.09 | H23: 5.09 | I23: 5/5 | J23: =K23*(0.6+0.4*5/5) | K23: 5.07 | L23: =IFERROR(1-(EXP(GAMMALN(0+'Read me'!$B$6)-GAMMALN('Read me'!$B$6)-GAMMALN(0+1)+'Read me'!$B$6*LN('Read me'!$B$6/('Read me'!$B$6+K23))+0*LN(K23/('Read me'!$B$6+K23)))+EXP(GAMMALN(1+'Read me'!$B$6)-GAMMALN('Read me'!$B$6)-GAMMALN(1+1)+'Read me'!$B$6*LN('Read me'!$B$6/('Read me'!$B$6+K23))+1*LN(K23/('Read me'!$B$6+K23)))+EXP(GAMMALN(2+'Read me'!$B$6)-GAMMALN('Read me'!$B$6)-GAMMALN(2+1)+'Read me'!$B$6*LN('Read me'!$B$6/('Read me'!$B$6+K23))+2*LN(K23/('Read me'!$B$6+K23)))+EXP(GAMMALN(3+'Read me'!$B$6)-GAMMALN('Read me'!$B$6)-GAMMALN(3+1)+'Read me'!$B$6*LN('Read me'!$B$6/('Read me'!$B$6+K23))+3*LN(K23/('Read me'!$B$6+K23)))),"") | M23: 0 | N23: =IFERROR(1/L23,"") | P23: =IF(O23="","",O23*L23-1) | Q23: =IF(P23="","awaiting price",IF(P23>='Read me'!$B$7,"BET",IF(P23>=0,"thin","no bet")))
A24: 46298 | B24: England League Two | C24: Walsall v Crawley Town | D24: Walsall | E24: Home | F24: 5+ team corners | G24: 5.9 | H24: 4.89 | I24: 4/5 | J24: =K24*(0.6+0.4*4/5) | K24: 5.5 | L24: =IFERROR(1-(EXP(GAMMALN(0+'Read me'!$B$6)-GAMMALN('Read me'!$B$6)-GAMMALN(0+1)+'Read me'!$B$6*LN('Read me'!$B$6/('Read me'!$B$6+K24))+0*LN(K24/('Read me'!$B$6+K24)))+EXP(GAMMALN(1+'Read me'!$B$6)-GAMMALN('Read me'!$B$6)-GAMMALN(1+1)+'Read me'!$B$6*LN('Read me'!$B$6/('Read me'!$B$6+K24))+1*LN(K24/('Read me'!$B$6+K24)))+EXP(GAMMALN(2+'Read me'!$B$6)-GAMMALN('Read me'!$B$6)-GAMMALN(2+1)+'Read me'!$B$6*LN('Read me'!$B$6/('Read me'!$B$6+K24))+2*LN(K24/('Read me'!$B$6+K24)))+EXP(GAMMALN(3+'Read me'!$B$6)-GAMMALN('Read me'!$B$6)-GAMMALN(3+1)+'Read me'!$B$6*LN('Read me'!$B$6/('Read me'!$B$6+K24))+3*LN(K24/('Read me'!$B$6+K24)))+EXP(GAMMALN(4+'Read me'!$B$6)-GAMMALN('Read me'!$B$6)-GAMMALN(4+1)+'Read me'!$B$6*LN('Read me'!$B$6/('Read me'!$B$6+K24))+4*LN(K24/('Read me'!$B$6+K24)))),"") | M24: 0 | N24: =IFERROR(1/L24,"") | P24: =IF(O24="","",O24*L24-1) | Q24: =IF(P24="","awaiting price",IF(P24>='Read me'!$B$7,"BET",IF(P24>=0,"thin","no bet")))
A25: 46299 | B25: Netherlands Eerste Divisie | C25: VVV Venlo v Roda | D25: VVV Venlo | E25: Home | F25: 4+ team corners | G25: 5.6 | H25: 5.2 | I25: 4/5 | J25: =K25*(0.6+0.4*4/5) | K25: 5.48 | L25: =IFERROR(1-(EXP(GAMMALN(0+'Read me'!$B$6)-GAMMALN('Read me'!$B$6)-GAMMALN(0+1)+'Read me'!$B$6*LN('Read me'!$B$6/('Read me'!$B$6+K25))+0*LN(K25/('Read me'!$B$6+K25)))+EXP(GAMMALN(1+'Read me'!$B$6)-GAMMALN('Read me'!$B$6)-GAMMALN(1+1)+'Read me'!$B$6*LN('Read me'!$B$6/('Read me'!$B$6+K25))+1*LN(K25/('Read me'!$B$6+K25)))+EXP(GAMMALN(2+'Read me'!$B$6)-GAMMALN('Read me'!$B$6)-GAMMALN(2+1)+'Read me'!$B$6*LN('Read me'!$B$6/('Read me'!$B$6+K25))+2*LN(K25/('Read me'!$B$6+K25)))+EXP(GAMMALN(3+'Read me'!$B$6)-GAMMALN('Read me'!$B$6)-GAMMALN(3+1)+'Read me'!$B$6*LN('Read me'!$B$6/('Read me'!$B$6+K25))+3*LN(K25/('Read me'!$B$6+K25)))),"") | M25: 0 | N25: =IFERROR(1/L25,"") | P25: =IF(O25="","",O25*L25-1) | Q25: =IF(P25="","awaiting price",IF(P25>='Read me'!$B$7,"BET",IF(P25>=0,"thin","no bet")))
A26: 46298 | B26: England League Two | C26: Chesterfield v Tranmere | D26: Chesterfield | E26: Home | F26: 5+ team corners | G26: 6 | H26: 5.6 | I26: 3/5 | J26: =K26*(0.6+0.4*3/5) | K26: 5.95 | L26: =IFERROR(1-(EXP(GAMMALN(0+'Read me'!$B$6)-GAMMALN('Read me'!$B$6)-GAMMALN(0+1)+'Read me'!$B$6*LN('Read me'!$B$6/('Read me'!$B$6+K26))+0*LN(K26/('Read me'!$B$6+K26)))+EXP(GAMMALN(1+'Read me'!$B$6)-GAMMALN('Read me'!$B$6)-GAMMALN(1+1)+'Read me'!$B$6*LN('Read me'!$B$6/('Read me'!$B$6+K26))+1*LN(K26/('Read me'!$B$6+K26)))+EXP(GAMMALN(2+'Read me'!$B$6)-GAMMALN('Read me'!$B$6)-GAMMALN(2+1)+'Read me'!$B$6*LN('Read me'!$B$6/('Read me'!$B$6+K26))+2*LN(K26/('Read me'!$B$6+K26)))+EXP(GAMMALN(3+'Read me'!$B$6)-GAMMALN('Read me'!$B$6)-GAMMALN(3+1)+'Read me'!$B$6*LN('Read me'!$B$6/('Read me'!$B$6+K26))+3*LN(K26/('Read me'!$B$6+K26)))+EXP(GAMMALN(4+'Read me'!$B$6)-GAMMALN('Read me'!$B$6)-GAMMALN(4+1)+'Read me'!$B$6*LN('Read me'!$B$6/('Read me'!$B$6+K26))+4*LN(K26/('Read me'!$B$6+K26)))),"") | M26: 0 | N26: =IFERROR(1/L26,"") | P26: =IF(O26="","",O26*L26-1) | Q26: =IF(P26="","awaiting price",IF(P26>='Read me'!$B$7,"BET",IF(P26>=0,"thin","no bet")))
A27: 46297 | B27: USA MLS | C27: Seattle Sounders v Sporting Kansas City | D27: Seattle Sounders | E27: Home | F27: 4+ team corners | G27: 5.7 | H27: 4.75 | I27: 4/5 | J27: =K27*(0.6+0.4*4/5) | K27: 5.34 | L27: =IFERROR(1-(EXP(GAMMALN(0+'Read me'!$B$6)-GAMMALN('Read me'!$B$6)-GAMMALN(0+1)+'Read me'!$B$6*LN('Read me'!$B$6/('Read me'!$B$6+K27))+0*LN(K27/('Read me'!$B$6+K27)))+EXP(GAMMALN(1+'Read me'!$B$6)-GAMMALN('Read me'!$B$6)-GAMMALN(1+1)+'Read me'!$B$6*LN('Read me'!$B$6/('Read me'!$B$6+K27))+1*LN(K27/('Read me'!$B$6+K27)))+EXP(GAMMALN(2+'Read me'!$B$6)-GAMMALN('Read me'!$B$6)-GAMMALN(2+1)+'Read me'!$B$6*LN('Read me'!$B$6/('Read me'!$B$6+K27))+2*LN(K27/('Read me'!$B$6+K27)))+EXP(GAMMALN(3+'Read me'!$B$6)-GAMMALN('Read me'!$B$6)-GAMMALN(3+1)+'Read me'!$B$6*LN('Read me'!$B$6/('Read me'!$B$6+K27))+3*LN(K27/('Read me'!$B$6+K27)))),"") | M27: 0 | N27: =IFERROR(1/L27,"") | P27: =IF(O27="","",O27*L27-1) | Q27: =IF(P27="","awaiting price",IF(P27>='Read me'!$B$7,"BET",IF(P27>=0,"thin","no bet")))
A28: 46298 | B28: Netherlands Eerste Divisie | C28: FC OSS v MVV | D28: FC OSS | E28: Home | F28: 6+ team corners | G28: 5.56 | H28: 8.78 | I28: 1/5 | J28: =K28*(0.6+0.4*1/5) | K28: 7.15 | L28: =IFERROR(1-(EXP(GAMMALN(0+'Read me'!$B$6)-GAMMALN('Read me'!$B$6)-GAMMALN(0+1)+'Read me'!$B$6*LN('Read me'!$B$6/('Read me'!$B$6+K28))+0*LN(K28/('Read me'!$B$6+K28)))+EXP(GAMMALN(1+'Read me'!$B$6)-GAMMALN('Read me'!$B$6)-GAMMALN(1+1)+'Read me'!$B$6*LN('Read me'!$B$6/('Read me'!$B$6+K28))+1*LN(K28/('Read me'!$B$6+K28)))+EXP(GAMMALN(2+'Read me'!$B$6)-GAMMALN('Read me'!$B$6)-GAMMALN(2+1)+'Read me'!$B$6*LN('Read me'!$B$6/('Read me'!$B$6+K28))+2*LN(K28/('Read me'!$B$6+K28)))+EXP(GAMMALN(3+'Read me'!$B$6)-GAMMALN('Read me'!$B$6)-GAMMALN(3+1)+'Read me'!$B$6*LN('Read me'!$B$6/('Read me'!$B$6+K28))+3*LN(K28/('Read me'!$B$6+K28)))+EXP(GAMMALN(4+'Read me'!$B$6)-GAMMALN('Read me'!$B$6)-GAMMALN(4+1)+'Read me'!$B$6*LN('Read me'!$B$6/('Read me'!$B$6+K28))+4*LN(K28/('Read me'!$B$6+K28)))+EXP(GAMMALN(5+'Read me'!$B$6)-GAMMALN('Read me'!$B$6)-GAMMALN(5+1)+'Read me'!$B$6*LN('Read me'!$B$6/('Read me'!$B$6+K28))+5*LN(K28/('Read me'!$B$6+K28)))),"") | M28: 0 | N28: =IFERROR(1/L28,"") | P28: =IF(O28="","",O28*L28-1) | Q28: =IF(P28="","awaiting price",IF(P28>='Read me'!$B$7,"BET",IF(P28>=0,"thin","no bet")))
A29: 46298 | B29: England League One | C29: Leyton Orient v Plymouth | D29: Plymouth | E29: Away | F29: 5+ team corners | G29: 6.3 | H29: 5.8 | I29: 2/5 | J29: =K29*(0.6+0.4*2/5) | K29: 6.37 | L29: =IFERROR(1-(EXP(GAMMALN(0+'Read me'!$B$6)-GAMMALN('Read me'!$B$6)-GAMMALN(0+1)+'Read me'!$B$6*LN('Read me'!$B$6/('Read me'!$B$6+K29))+0*LN(K29/('Read me'!$B$6+K29)))+EXP(GAMMALN(1+'Read me'!$B$6)-GAMMALN('Read me'!$B$6)-GAMMALN(1+1)+'Read me'!$B$6*LN('Read me'!$B$6/('Read me'!$B$6+K29))+1*LN(K29/('Read me'!$B$6+K29)))+EXP(GAMMALN(2+'Read me'!$B$6)-GAMMALN('Read me'!$B$6)-GAMMALN(2+1)+'Read me'!$B$6*LN('Read me'!$B$6/('Read me'!$B$6+K29))+2*LN(K29/('Read me'!$B$6+K29)))+EXP(GAMMALN(3+'Read me'!$B$6)-GAMMALN('Read me'!$B$6)-GAMMALN(3+1)+'Read me'!$B$6*LN('Read me'!$B$6/('Read me'!$B$6+K29))+3*LN(K29/('Read me'!$B$6+K29)))+EXP(GAMMALN(4+'Read me'!$B$6)-GAMMALN('Read me'!$B$6)-GAMMALN(4+1)+'Read me'!$B$6*LN('Read me'!$B$6/('Read me'!$B$6+K29))+4*LN(K29/('Read me'!$B$6+K29)))),"") | M29: 0 | N29: =IFERROR(1/L29,"") | P29: =IF(O29="","",O29*L29-1) | Q29: =IF(P29="","awaiting price",IF(P29>='Read me'!$B$7,"BET",IF(P29>=0,"thin","no bet")))
A30: 46297 | B30: Brazil Série B | C30: Londrina v Criciuma | D30: Londrina | E30: Home | F30: 4+ team corners | G30: 5.27 | H30: 4.12 | I30: 5/5 | J30: =K30*(0.6+0.4*5/5) | K30: 4.8 | L30: =IFERROR(1-(EXP(GAMMALN(0+'Read me'!$B$6)-GAMMALN('Read me'!$B$6)-GAMMALN(0+1)+'Read me'!$B$6*LN('Read me'!$B$6/('Read me'!$B$6+K30))+0*LN(K30/('Read me'!$B$6+K30)))+EXP(GAMMALN(1+'Read me'!$B$6)-GAMMALN('Read me'!$B$6)-GAMMALN(1+1)+'Read me'!$B$6*LN('Read me'!$B$6/('Read me'!$B$6+K30))+1*LN(K30/('Read me'!$B$6+K30)))+EXP(GAMMALN(2+'Read me'!$B$6)-GAMMALN('Read me'!$B$6)-GAMMALN(2+1)+'Read me'!$B$6*LN('Read me'!$B$6/('Read me'!$B$6+K30))+2*LN(K30/('Read me'!$B$6+K30)))+EXP(GAMMALN(3+'Read me'!$B$6)-GAMMALN('Read me'!$B$6)-GAMMALN(3+1)+'Read me'!$B$6*LN('Read me'!$B$6/('Read me'!$B$6+K30))+3*LN(K30/('Read me'!$B$6+K30)))),"") | M30: 0 | N30: =IFERROR(1/L30,"") | P30: =IF(O30="","",O30*L30-1) | Q30: =IF(P30="","awaiting price",IF(P30>='Read me'!$B$7,"BET",IF(P30>=0,"thin","no bet")))
A31: 46298 | B31: England League One | C31: Reading v Bradford | D31: Bradford | E31: Away | F31: 4+ team corners | G31: 6.18 | H31: 4.44 | I31: 4/5 | J31: =K31*(0.6+0.4*4/5) | K31: 5.2 | L31: =IFERROR(1-(EXP(GAMMALN(0+'Read me'!$B$6)-GAMMALN('Read me'!$B$6)-GAMMALN(0+1)+'Read me'!$B$6*LN('Read me'!$B$6/('Read me'!$B$6+K31))+0*LN(K31/('Read me'!$B$6+K31)))+EXP(GAMMALN(1+'Read me'!$B$6)-GAMMALN('Read me'!$B$6)-GAMMALN(1+1)+'Read me'!$B$6*LN('Read me'!$B$6/('Read me'!$B$6+K31))+1*LN(K31/('Read me'!$B$6+K31)))+EXP(GAMMALN(2+'Read me'!$B$6)-GAMMALN('Read me'!$B$6)-GAMMALN(2+1)+'Read me'!$B$6*LN('Read me'!$B$6/('Read me'!$B$6+K31))+2*LN(K31/('Read me'!$B$6+K31)))+EXP(GAMMALN(3+'Read me'!$B$6)-GAMMALN('Read me'!$B$6)-GAMMALN(3+1)+'Read me'!$B$6*LN('Read me'!$B$6/('Read me'!$B$6+K31))+3*LN(K31/('Read me'!$B$6+K31)))),"") | M31: 0 | N31: =IFERROR(1/L31,"") | P31: =IF(O31="","",O31*L31-1) | Q31: =IF(P31="","awaiting price",IF(P31>='Read me'!$B$7,"BET",IF(P31>=0,"thin","no bet")))
A32: 46302 | B32: Brazil Série B | C32: America Mineiro v Fortaleza EC | D32: America Mineiro | E32: Home | F32: 5+ team corners | G32: 5.3 | H32: 5.7 | I32: 3/5 | J32: =K32*(0.6+0.4*3/5) | K32: 5.66 | L32: =IFERROR(1-(EXP(GAMMALN(0+'Read me'!$B$6)-GAMMALN('Read me'!$B$6)-GAMMALN(0+1)+'Read me'!$B$6*LN('Read me'!$B$6/('Read me'!$B$6+K32))+0*LN(K32/('Read me'!$B$6+K32)))+EXP(GAMMALN(1+'Read me'!$B$6)-GAMMALN('Read me'!$B$6)-GAMMALN(1+1)+'Read me'!$B$6*LN('Read me'!$B$6/('Read me'!$B$6+K32))+1*LN(K32/('Read me'!$B$6+K32)))+EXP(GAMMALN(2+'Read me'!$B$6)-GAMMALN('Read me'!$B$6)-GAMMALN(2+1)+'Read me'!$B$6*LN('Read me'!$B$6/('Read me'!$B$6+K32))+2*LN(K32/('Read me'!$B$6+K32)))+EXP(GAMMALN(3+'Read me'!$B$6)-GAMMALN('Read me'!$B$6)-GAMMALN(3+1)+'Read me'!$B$6*LN('Read me'!$B$6/('Read me'!$B$6+K32))+3*LN(K32/('Read me'!$B$6+K32)))+EXP(GAMMALN(4+'Read me'!$B$6)-GAMMALN('Read me'!$B$6)-GAMMALN(4+1)+'Read me'!$B$6*LN('Read me'!$B$6/('Read me'!$B$6+K32))+4*LN(K32/('Read me'!$B$6+K32)))),"") | M32: 0 | N32: =IFERROR(1/L32,"") | P32: =IF(O32="","",O32*L32-1) | Q32: =IF(P32="","awaiting price",IF(P32>='Read me'!$B$7,"BET",IF(P32>=0,"thin","no bet")))
A33: 46303 | B33: Brazil Série B | C33: Nautico Recife v Novorizontino | D33: Novorizontino | E33: Away | F33: 4+ team corners | G33: 5.3 | H33: 3.9 | I33: 5/5 | J33: =K33*(0.6+0.4*5/5) | K33: 4.72 | L33: =IFERROR(1-(EXP(GAMMALN(0+'Read me'!$B$6)-GAMMALN('Read me'!$B$6)-GAMMALN(0+1)+'Read me'!$B$6*LN('Read me'!$B$6/('Read me'!$B$6+K33))+0*LN(K33/('Read me'!$B$6+K33)))+EXP(GAMMALN(1+'Read me'!$B$6)-GAMMALN('Read me'!$B$6)-GAMMALN(1+1)+'Read me'!$B$6*LN('Read me'!$B$6/('Read me'!$B$6+K33))+1*LN(K33/('Read me'!$B$6+K33)))+EXP(GAMMALN(2+'Read me'!$B$6)-GAMMALN('Read me'!$B$6)-GAMMALN(2+1)+'Read me'!$B$6*LN('Read me'!$B$6/('Read me'!$B$6+K33))+2*LN(K33/('Read me'!$B$6+K33)))+EXP(GAMMALN(3+'Read me'!$B$6)-GAMMALN('Read me'!$B$6)-GAMMALN(3+1)+'Read me'!$B$6*LN('Read me'!$B$6/('Read me'!$B$6+K33))+3*LN(K33/('Read me'!$B$6+K33)))),"") | M33: 0 | N33: =IFERROR(1/L33,"") | P33: =IF(O33="","",O33*L33-1) | Q33: =IF(P33="","awaiting price",IF(P33>='Read me'!$B$7,"BET",IF(P33>=0,"thin","no bet")))
A34: 46298 | B34: Brazil Série B | C34: Fortaleza EC v Nautico Recife | D34: Nautico Recife | E34: Away | F34: 4+ team corners | G34: 5.7 | H34: 3.6 | I34: 5/5 | J34: =K34*(0.6+0.4*5/5) | K34: 4.69 | L34: =IFERROR(1-(EXP(GAMMALN(0+'Read me'!$B$6)-GAMMALN('Read me'!$B$6)-GAMMALN(0+1)+'Read me'!$B$6*LN('Read me'!$B$6/('Read me'!$B$6+K34))+0*LN(K34/('Read me'!$B$6+K34)))+EXP(GAMMALN(1+'Read me'!$B$6)-GAMMALN('Read me'!$B$6)-GAMMALN(1+1)+'Read me'!$B$6*LN('Read me'!$B$6/('Read me'!$B$6+K34))+1*LN(K34/('Read me'!$B$6+K34)))+EXP(GAMMALN(2+'Read me'!$B$6)-GAMMALN('Read me'!$B$6)-GAMMALN(2+1)+'Read me'!$B$6*LN('Read me'!$B$6/('Read me'!$B$6+K34))+2*LN(K34/('Read me'!$B$6+K34)))+EXP(GAMMALN(3+'Read me'!$B$6)-GAMMALN('Read me'!$B$6)-GAMMALN(3+1)+'Read me'!$B$6*LN('Read me'!$B$6/('Read me'!$B$6+K34))+3*LN(K34/('Read me'!$B$6+K34)))),"") | M34: 0 | N34: =IFERROR(1/L34,"") | P34: =IF(O34="","",O34*L34-1) | Q34: =IF(P34="","awaiting price",IF(P34>='Read me'!$B$7,"BET",IF(P34>=0,"thin","no bet")))
A35: 46302 | B35: Brazil Série B | C35: Operario-PR v Botafogo SP | D35: Botafogo SP | E35: Away | F35: 4+ team corners | G35: 6 | H35: 4.22 | I35: 4/5 | J35: =K35*(0.6+0.4*4/5) | K35: 5.08 | L35: =IFERROR(1-(EXP(GAMMALN(0+'Read me'!$B$6)-GAMMALN('Read me'!$B$6)-GAMMALN(0+1)+'Read me'!$B$6*LN('Read me'!$B$6/('Read me'!$B$6+K35))+0*LN(K35/('Read me'!$B$6+K35)))+EXP(GAMMALN(1+'Read me'!$B$6)-GAMMALN('Read me'!$B$6)-GAMMALN(1+1)+'Read me'!$B$6*LN('Read me'!$B$6/('Read me'!$B$6+K35))+1*LN(K35/('Read me'!$B$6+K35)))+EXP(GAMMALN(2+'Read me'!$B$6)-GAMMALN('Read me'!$B$6)-GAMMALN(2+1)+'Read me'!$B$6*LN('Read me'!$B$6/('Read me'!$B$6+K35))+2*LN(K35/('Read me'!$B$6+K35)))+EXP(GAMMALN(3+'Read me'!$B$6)-GAMMALN('Read me'!$B$6)-GAMMALN(3+1)+'Read me'!$B$6*LN('Read me'!$B$6/('Read me'!$B$6+K35))+3*LN(K35/('Read me'!$B$6+K35)))),"") | M35: 0 | N35: =IFERROR(1/L35,"") | P35: =IF(O35="","",O35*L35-1) | Q35: =IF(P35="","awaiting price",IF(P35>='Read me'!$B$7,"BET",IF(P35>=0,"thin","no bet")))
A36: 46298 | B36: England League One | C36: Reading v Bradford | D36: Reading | E36: Home | F36: 4+ team corners | G36: 4.33 | H36: 5.45 | I36: 4/5 | J36: =K36*(0.6+0.4*4/5) | K36: 5.04 | L36: =IFERROR(1-(EXP(GAMMALN(0+'Read me'!$B$6)-GAMMALN('Read me'!$B$6)-GAMMALN(0+1)+'Read me'!$B$6*LN('Read me'!$B$6/('Read me'!$B$6+K36))+0*LN(K36/('Read me'!$B$6+K36)))+EXP(GAMMALN(1+'Read me'!$B$6)-GAMMALN('Read me'!$B$6)-GAMMALN(1+1)+'Read me'!$B$6*LN('Read me'!$B$6/('Read me'!$B$6+K36))+1*LN(K36/('Read me'!$B$6+K36)))+EXP(GAMMALN(2+'Read me'!$B$6)-GAMMALN('Read me'!$B$6)-GAMMALN(2+1)+'Read me'!$B$6*LN('Read me'!$B$6/('Read me'!$B$6+K36))+2*LN(K36/('Read me'!$B$6+K36)))+EXP(GAMMALN(3+'Read me'!$B$6)-GAMMALN('Read me'!$B$6)-GAMMALN(3+1)+'Read me'!$B$6*LN('Read me'!$B$6/('Read me'!$B$6+K36))+3*LN(K36/('Read me'!$B$6+K36)))),"") | M36: 0 | N36: =IFERROR(1/L36,"") | P36: =IF(O36="","",O36*L36-1) | Q36: =IF(P36="","awaiting price",IF(P36>='Read me'!$B$7,"BET",IF(P36>=0,"thin","no bet")))
A37: 46298 | B37: England League Two | C37: Northampton v Oldham | D37: Northampton | E37: Home | F37: 4+ team corners | G37: 5.25 | H37: 5.9 | I37: 3/5 | J37: =K37*(0.6+0.4*3/5) | K37: 5.49 | L37: =IFERROR(1-(EXP(GAMMALN(0+'Read me'!$B$6)-GAMMALN('Read me'!$B$6)-GAMMALN(0+1)+'Read me'!$B$6*LN('Read me'!$B$6/('Read me'!$B$6+K37))+0*LN(K37/('Read me'!$B$6+K37)))+EXP(GAMMALN(1+'Read me'!$B$6)-GAMMALN('Read me'!$B$6)-GAMMALN(1+1)+'Read me'!$B$6*LN('Read me'!$B$6/('Read me'!$B$6+K37))+1*LN(K37/('Read me'!$B$6+K37)))+EXP(GAMMALN(2+'Read me'!$B$6)-GAMMALN('Read me'!$B$6)-GAMMALN(2+1)+'Read me'!$B$6*LN('Read me'!$B$6/('Read me'!$B$6+K37))+2*LN(K37/('Read me'!$B$6+K37)))+EXP(GAMMALN(3+'Read me'!$B$6)-GAMMALN('Read me'!$B$6)-GAMMALN(3+1)+'Read me'!$B$6*LN('Read me'!$B$6/('Read me'!$B$6+K37))+3*LN(K37/('Read me'!$B$6+K37)))),"") | M37: 0 | N37: =IFERROR(1/L37,"") | P37: =IF(O37="","",O37*L37-1) | Q37: =IF(P37="","awaiting price",IF(P37>='Read me'!$B$7,"BET",IF(P37>=0,"thin","no bet")))
A38: 46303 | B38: Brazil Série A | C38: Atletico Paranaense v Atletico-MG | D38: Atletico Paranaense | E38: Home | F38: 5+ team corners | G38: 5.89 | H38: 5.91 | I38: 2/5 | J38: =K38*(0.6+0.4*2/5) | K38: 6.02 | L38: =IFERROR(1-(EXP(GAMMALN(0+'Read me'!$B$6)-GAMMALN('Read me'!$B$6)-GAMMALN(0+1)+'Read me'!$B$6*LN('Read me'!$B$6/('Read me'!$B$6+K38))+0*LN(K38/('Read me'!$B$6+K38)))+EXP(GAMMALN(1+'Read me'!$B$6)-GAMMALN('Read me'!$B$6)-GAMMALN(1+1)+'Read me'!$B$6*LN('Read me'!$B$6/('Read me'!$B$6+K38))+1*LN(K38/('Read me'!$B$6+K38)))+EXP(GAMMALN(2+'Read me'!$B$6)-GAMMALN('Read me'!$B$6)-GAMMALN(2+1)+'Read me'!$B$6*LN('Read me'!$B$6/('Read me'!$B$6+K38))+2*LN(K38/('Read me'!$B$6+K38)))+EXP(GAMMALN(3+'Read me'!$B$6)-GAMMALN('Read me'!$B$6)-GAMMALN(3+1)+'Read me'!$B$6*LN('Read me'!$B$6/('Read me'!$B$6+K38))+3*LN(K38/('Read me'!$B$6+K38)))+EXP(GAMMALN(4+'Read me'!$B$6)-GAMMALN('Read me'!$B$6)-GAMMALN(4+1)+'Read me'!$B$6*LN('Read me'!$B$6/('Read me'!$B$6+K38))+4*LN(K38/('Read me'!$B$6+K38)))),"") | M38: 0 | N38: =IFERROR(1/L38,"") | P38: =IF(O38="","",O38*L38-1) | Q38: =IF(P38="","awaiting price",IF(P38>='Read me'!$B$7,"BET",IF(P38>=0,"thin","no bet")))
A39: 46298 | B39: England League Two | C39: Rochdale v Swindon Town | D39: Rochdale | E39: Home | F39: 5+ team corners | G39: 3 | H39: 9.5 | I39: 2/5 | J39: =K39*(0.6+0.4*2/5) | K39: 6 | L39: =IFERROR(1-(EXP(GAMMALN(0+'Read me'!$B$6)-GAMMALN('Read me'!$B$6)-GAMMALN(0+1)+'Read me'!$B$6*LN('Read me'!$B$6/('Read me'!$B$6+K39))+0*LN(K39/('Read me'!$B$6+K39)))+EXP(GAMMALN(1+'Read me'!$B$6)-GAMMALN('Read me'!$B$6)-GAMMALN(1+1)+'Read me'!$B$6*LN('Read me'!$B$6/('Read me'!$B$6+K39))+1*LN(K39/('Read me'!$B$6+K39)))+EXP(GAMMALN(2+'Read me'!$B$6)-GAMMALN('Read me'!$B$6)-GAMMALN(2+1)+'Read me'!$B$6*LN('Read me'!$B$6/('Read me'!$B$6+K39))+2*LN(K39/('Read me'!$B$6+K39)))+EXP(GAMMALN(3+'Read me'!$B$6)-GAMMALN('Read me'!$B$6)-GAMMALN(3+1)+'Read me'!$B$6*LN('Read me'!$B$6/('Read me'!$B$6+K39))+3*LN(K39/('Read me'!$B$6+K39)))+EXP(GAMMALN(4+'Read me'!$B$6)-GAMMALN('Read me'!$B$6)-GAMMALN(4+1)+'Read me'!$B$6*LN('Read me'!$B$6/('Read me'!$B$6+K39))+4*LN(K39/('Read me'!$B$6+K39)))),"") | M39: 0 | N39: =IFERROR(1/L39,"") | P39: =IF(O39="","",O39*L39-1) | Q39: =IF(P39="","awaiting price",IF(P39>='Read me'!$B$7,"BET",IF(P39>=0,"thin","no bet")))
A40: 46302 | B40: Brazil Série B | C40: Operario-PR v Botafogo SP | D40: Operario-PR | E40: Home | F40: 6+ team corners | G40: 5.78 | H40: 7.2 | I40: 1/5 | J40: =K40*(0.6+0.4*1/5) | K40: 6.68 | L40: =IFERROR(1-(EXP(GAMMALN(0+'Read me'!$B$6)-GAMMALN('Read me'!$B$6)-GAMMALN(0+1)+'Read me'!$B$6*LN('Read me'!$B$6/('Read me'!$B$6+K40))+0*LN(K40/('Read me'!$B$6+K40)))+EXP(GAMMALN(1+'Read me'!$B$6)-GAMMALN('Read me'!$B$6)-GAMMALN(1+1)+'Read me'!$B$6*LN('Read me'!$B$6/('Read me'!$B$6+K40))+1*LN(K40/('Read me'!$B$6+K40)))+EXP(GAMMALN(2+'Read me'!$B$6)-GAMMALN('Read me'!$B$6)-GAMMALN(2+1)+'Read me'!$B$6*LN('Read me'!$B$6/('Read me'!$B$6+K40))+2*LN(K40/('Read me'!$B$6+K40)))+EXP(GAMMALN(3+'Read me'!$B$6)-GAMMALN('Read me'!$B$6)-GAMMALN(3+1)+'Read me'!$B$6*LN('Read me'!$B$6/('Read me'!$B$6+K40))+3*LN(K40/('Read me'!$B$6+K40)))+EXP(GAMMALN(4+'Read me'!$B$6)-GAMMALN('Read me'!$B$6)-GAMMALN(4+1)+'Read me'!$B$6*LN('Read me'!$B$6/('Read me'!$B$6+K40))+4*LN(K40/('Read me'!$B$6+K40)))+EXP(GAMMALN(5+'Read me'!$B$6)-GAMMALN('Read me'!$B$6)-GAMMALN(5+1)+'Read me'!$B$6*LN('Read me'!$B$6/('Read me'!$B$6+K40))+5*LN(K40/('Read me'!$B$6+K40)))),"") | M40: 0 | N40: =IFERROR(1/L40,"") | P40: =IF(O40="","",O40*L40-1) | Q40: =IF(P40="","awaiting price",IF(P40>='Read me'!$B$7,"BET",IF(P40>=0,"thin","no bet")))
A41: 46302 | B41: Brazil Série A | C41: Botafogo v Vasco DA Gama | D41: Botafogo | E41: Home | F41: 4+ team corners | G41: 6.27 | H41: 4 | I41: 3/5 | J41: =K41*(0.6+0.4*3/5) | K41: 5.38 | L41: =IFERROR(1-(EXP(GAMMALN(0+'Read me'!$B$6)-GAMMALN('Read me'!$B$6)-GAMMALN(0+1)+'Read me'!$B$6*LN('Read me'!$B$6/('Read me'!$B$6+K41))+0*LN(K41/('Read me'!$B$6+K41)))+EXP(GAMMALN(1+'Read me'!$B$6)-GAMMALN('Read me'!$B$6)-GAMMALN(1+1)+'Read me'!$B$6*LN('Read me'!$B$6/('Read me'!$B$6+K41))+1*LN(K41/('Read me'!$B$6+K41)))+EXP(GAMMALN(2+'Read me'!$B$6)-GAMMALN('Read me'!$B$6)-GAMMALN(2+1)+'Read me'!$B$6*LN('Read me'!$B$6/('Read me'!$B$6+K41))+2*LN(K41/('Read me'!$B$6+K41)))+EXP(GAMMALN(3+'Read me'!$B$6)-GAMMALN('Read me'!$B$6)-GAMMALN(3+1)+'Read me'!$B$6*LN('Read me'!$B$6/('Read me'!$B$6+K41))+3*LN(K41/('Read me'!$B$6+K41)))),"") | M41: 0 | N41: =IFERROR(1/L41,"") | P41: =IF(O41="","",O41*L41-1) | Q41: =IF(P41="","awaiting price",IF(P41>='Read me'!$B$7,"BET",IF(P41>=0,"thin","no bet")))
A42: 46298 | B42: Brazil Série B | C42: Atletico Goianiense v America Mineiro | D42: America Mineiro | E42: Away | F42: 3+ team corners | G42: 4.5 | H42: 4.4 | I42: 5/5 | J42: =K42*(0.6+0.4*5/5) | K42: 4.4 | L42: =IFERROR(1-(EXP(GAMMALN(0+'Read me'!$B$6)-GAMMALN('Read me'!$B$6)-GAMMALN(0+1)+'Read me'!$B$6*LN('Read me'!$B$6/('Read me'!$B$6+K42))+0*LN(K42/('Read me'!$B$6+K42)))+EXP(GAMMALN(1+'Read me'!$B$6)-GAMMALN('Read me'!$B$6)-GAMMALN(1+1)+'Read me'!$B$6*LN('Read me'!$B$6/('Read me'!$B$6+K42))+1*LN(K42/('Read me'!$B$6+K42)))+EXP(GAMMALN(2+'Read me'!$B$6)-GAMMALN('Read me'!$B$6)-GAMMALN(2+1)+'Read me'!$B$6*LN('Read me'!$B$6/('Read me'!$B$6+K42))+2*LN(K42/('Read me'!$B$6+K42)))),"") | M42: 0 | N42: =IFERROR(1/L42,"") | P42: =IF(O42="","",O42*L42-1) | Q42: =IF(P42="","awaiting price",IF(P42>='Read me'!$B$7,"BET",IF(P42>=0,"thin","no bet")))
A43: 46298 | B43: England League Two | C43: Exeter City v Rotherham | D43: Exeter City | E43: Home | F43: 4+ team corners | G43: 5 | H43: 5.5 | I43: 3/5 | J43: =K43*(0.6+0.4*3/5) | K43: 5.23 | L43: =IFERROR(1-(EXP(GAMMALN(0+'Read me'!$B$6)-GAMMALN('Read me'!$B$6)-GAMMALN(0+1)+'Read me'!$B$6*LN('Read me'!$B$6/('Read me'!$B$6+K43))+0*LN(K43/('Read me'!$B$6+K43)))+EXP(GAMMALN(1+'Read me'!$B$6)-GAMMALN('Read me'!$B$6)-GAMMALN(1+1)+'Read me'!$B$6*LN('Read me'!$B$6/('Read me'!$B$6+K43))+1*LN(K43/('Read me'!$B$6+K43)))+EXP(GAMMALN(2+'Read me'!$B$6)-GAMMALN('Read me'!$B$6)-GAMMALN(2+1)+'Read me'!$B$6*LN('Read me'!$B$6/('Read me'!$B$6+K43))+2*LN(K43/('Read me'!$B$6+K43)))+EXP(GAMMALN(3+'Read me'!$B$6)-GAMMALN('Read me'!$B$6)-GAMMALN(3+1)+'Read me'!$B$6*LN('Read me'!$B$6/('Read me'!$B$6+K43))+3*LN(K43/('Read me'!$B$6+K43)))),"") | M43: 0 | N43: =IFERROR(1/L43,"") | P43: =IF(O43="","",O43*L43-1) | Q43: =IF(P43="","awaiting price",IF(P43>='Read me'!$B$7,"BET",IF(P43>=0,"thin","no bet")))
A44: 46298 | B44: Argentina Liga Profesional | C44: Defensa Y Justicia v San Lorenzo | D44: Defensa Y Justicia | E44: Home | F44: 4+ team corners | G44: 5 | H44: 5.38 | I44: 3/5 | J44: =K44*(0.6+0.4*3/5) | K44: 5.21 | L44: =IFERROR(1-(EXP(GAMMALN(0+'Read me'!$B$6)-GAMMALN('Read me'!$B$6)-GAMMALN(0+1)+'Read me'!$B$6*LN('Read me'!$B$6/('Read me'!$B$6+K44))+0*LN(K44/('Read me'!$B$6+K44)))+EXP(GAMMALN(1+'Read me'!$B$6)-GAMMALN('Read me'!$B$6)-GAMMALN(1+1)+'Read me'!$B$6*LN('Read me'!$B$6/('Read me'!$B$6+K44))+1*LN(K44/('Read me'!$B$6+K44)))+EXP(GAMMALN(2+'Read me'!$B$6)-GAMMALN('Read me'!$B$6)-GAMMALN(2+1)+'Read me'!$B$6*LN('Read me'!$B$6/('Read me'!$B$6+K44))+2*LN(K44/('Read me'!$B$6+K44)))+EXP(GAMMALN(3+'Read me'!$B$6)-GAMMALN('Read me'!$B$6)-GAMMALN(3+1)+'Read me'!$B$6*LN('Read me'!$B$6/('Read me'!$B$6+K44))+3*LN(K44/('Read me'!$B$6+K44)))),"") | M44: 0 | N44: =IFERROR(1/L44,"") | P44: =IF(O44="","",O44*L44-1) | Q44: =IF(P44="","awaiting price",IF(P44>='Read me'!$B$7,"BET",IF(P44>=0,"thin","no bet")))
A45: 46302 | B45: Brazil Série A | C45: Botafogo v Vasco DA Gama | D45: Vasco DA Gama | E45: Away | F45: 4+ team corners | G45: 4.9 | H45: 4.45 | I45: 4/5 | J45: =K45*(0.6+0.4*4/5) | K45: 4.75 | L45: =IFERROR(1-(EXP(GAMMALN(0+'Read me'!$B$6)-GAMMALN('Read me'!$B$6)-GAMMALN(0+1)+'Read me'!$B$6*LN('Read me'!$B$6/('Read me'!$B$6+K45))+0*LN(K45/('Read me'!$B$6+K45)))+EXP(GAMMALN(1+'Read me'!$B$6)-GAMMALN('Read me'!$B$6)-GAMMALN(1+1)+'Read me'!$B$6*LN('Read me'!$B$6/('Read me'!$B$6+K45))+1*LN(K45/('Read me'!$B$6+K45)))+EXP(GAMMALN(2+'Read me'!$B$6)-GAMMALN('Read me'!$B$6)-GAMMALN(2+1)+'Read me'!$B$6*LN('Read me'!$B$6/('Read me'!$B$6+K45))+2*LN(K45/('Read me'!$B$6+K45)))+EXP(GAMMALN(3+'Read me'!$B$6)-GAMMALN('Read me'!$B$6)-GAMMALN(3+1)+'Read me'!$B$6*LN('Read me'!$B$6/('Read me'!$B$6+K45))+3*LN(K45/('Read me'!$B$6+K45)))),"") | M45: 0 | N45: =IFERROR(1/L45,"") | P45: =IF(O45="","",O45*L45-1) | Q45: =IF(P45="","awaiting price",IF(P45>='Read me'!$B$7,"BET",IF(P45>=0,"thin","no bet")))
A46: 46299 | B46: Argentina Liga Profesional | C46: Talleres Cordoba v Belgrano Cordoba | D46: Belgrano Cordoba | E46: Away | F46: 3+ team corners | G46: 3.38 | H46: 5.38 | I46: 5/5 | J46: =K46*(0.6+0.4*5/5) | K46: 4.36 | L46: =IFERROR(1-(EXP(GAMMALN(0+'Read me'!$B$6)-GAMMALN('Read me'!$B$6)-GAMMALN(0+1)+'Read me'!$B$6*LN('Read me'!$B$6/('Read me'!$B$6+K46))+0*LN(K46/('Read me'!$B$6+K46)))+EXP(GAMMALN(1+'Read me'!$B$6)-GAMMALN('Read me'!$B$6)-GAMMALN(1+1)+'Read me'!$B$6*LN('Read me'!$B$6/('Read me'!$B$6+K46))+1*LN(K46/('Read me'!$B$6+K46)))+EXP(GAMMALN(2+'Read me'!$B$6)-GAMMALN('Read me'!$B$6)-GAMMALN(2+1)+'Read me'!$B$6*LN('Read me'!$B$6/('Read me'!$B$6+K46))+2*LN(K46/('Read me'!$B$6+K46)))),"") | M46: 0 | N46: =IFERROR(1/L46,"") | P46: =IF(O46="","",O46*L46-1) | Q46: =IF(P46="","awaiting price",IF(P46>='Read me'!$B$7,"BET",IF(P46>=0,"thin","no bet")))
A47: 46302 | B47: Brazil Série A | C47: Internacional v Corinthians | D47: Internacional | E47: Home | F47: 5+ team corners | G47: 5.1 | H47: 6 | I47: 2/5 | J47: =K47*(0.6+0.4*2/5) | K47: 5.72 | L47: =IFERROR(1-(EXP(GAMMALN(0+'Read me'!$B$6)-GAMMALN('Read me'!$B$6)-GAMMALN(0+1)+'Read me'!$B$6*LN('Read me'!$B$6/('Read me'!$B$6+K47))+0*LN(K47/('Read me'!$B$6+K47)))+EXP(GAMMALN(1+'Read me'!$B$6)-GAMMALN('Read me'!$B$6)-GAMMALN(1+1)+'Read me'!$B$6*LN('Read me'!$B$6/('Read me'!$B$6+K47))+1*LN(K47/('Read me'!$B$6+K47)))+EXP(GAMMALN(2+'Read me'!$B$6)-GAMMALN('Read me'!$B$6)-GAMMALN(2+1)+'Read me'!$B$6*LN('Read me'!$B$6/('Read me'!$B$6+K47))+2*LN(K47/('Read me'!$B$6+K47)))+EXP(GAMMALN(3+'Read me'!$B$6)-GAMMALN('Read me'!$B$6)-GAMMALN(3+1)+'Read me'!$B$6*LN('Read me'!$B$6/('Read me'!$B$6+K47))+3*LN(K47/('Read me'!$B$6+K47)))+EXP(GAMMALN(4+'Read me'!$B$6)-GAMMALN('Read me'!$B$6)-GAMMALN(4+1)+'Read me'!$B$6*LN('Read me'!$B$6/('Read me'!$B$6+K47))+4*LN(K47/('Read me'!$B$6+K47)))),"") | M47: 0 | N47: =IFERROR(1/L47,"") | P47: =IF(O47="","",O47*L47-1) | Q47: =IF(P47="","awaiting price",IF(P47>='Read me'!$B$7,"BET",IF(P47>=0,"thin","no bet")))
A48: 46303 | B48: Brazil Série A | C48: Cruzeiro v Sao Paulo | D48: Sao Paulo | E48: Away | F48: 3+ team corners | G48: 5.9 | H48: 2.8 | I48: 5/5 | J48: =K48*(0.6+0.4*5/5) | K48: 4.33 | L48: =IFERROR(1-(EXP(GAMMALN(0+'Read me'!$B$6)-GAMMALN('Read me'!$B$6)-GAMMALN(0+1)+'Read me'!$B$6*LN('Read me'!$B$6/('Read me'!$B$6+K48))+0*LN(K48/('Read me'!$B$6+K48)))+EXP(GAMMALN(1+'Read me'!$B$6)-GAMMALN('Read me'!$B$6)-GAMMALN(1+1)+'Read me'!$B$6*LN('Read me'!$B$6/('Read me'!$B$6+K48))+1*LN(K48/('Read me'!$B$6+K48)))+EXP(GAMMALN(2+'Read me'!$B$6)-GAMMALN('Read me'!$B$6)-GAMMALN(2+1)+'Read me'!$B$6*LN('Read me'!$B$6/('Read me'!$B$6+K48))+2*LN(K48/('Read me'!$B$6+K48)))),"") | M48: 0 | N48: =IFERROR(1/L48,"") | P48: =IF(O48="","",O48*L48-1) | Q48: =IF(P48="","awaiting price",IF(P48>='Read me'!$B$7,"BET",IF(P48>=0,"thin","no bet")))
A49: 46298 | B49: England League One | C49: Burton Albion v Huddersfield | D49: Huddersfield | E49: Away | F49: 3+ team corners | G49: 4.7 | H49: 3.8 | I49: 5/5 | J49: =K49*(0.6+0.4*5/5) | K49: 4.32 | L49: =IFERROR(1-(EXP(GAMMALN(0+'Read me'!$B$6)-GAMMALN('Read me'!$B$6)-GAMMALN(0+1)+'Read me'!$B$6*LN('Read me'!$B$6/('Read me'!$B$6+K49))+0*LN(K49/('Read me'!$B$6+K49)))+EXP(GAMMALN(1+'Read me'!$B$6)-GAMMALN('Read me'!$B$6)-GAMMALN(1+1)+'Read me'!$B$6*LN('Read me'!$B$6/('Read me'!$B$6+K49))+1*LN(K49/('Read me'!$B$6+K49)))+EXP(GAMMALN(2+'Read me'!$B$6)-GAMMALN('Read me'!$B$6)-GAMMALN(2+1)+'Read me'!$B$6*LN('Read me'!$B$6/('Read me'!$B$6+K49))+2*LN(K49/('Read me'!$B$6+K49)))),"") | M49: 0 | N49: =IFERROR(1/L49,"") | P49: =IF(O49="","",O49*L49-1) | Q49: =IF(P49="","awaiting price",IF(P49>='Read me'!$B$7,"BET",IF(P49>=0,"thin","no bet")))
A50: 46300 | B50: Argentina Liga Profesional | C50: Velez Sarsfield v Platense | D50: Velez Sarsfield | E50: Home | F50: 4+ team corners | G50: 5.2 | H50: 4.75 | I50: 3/5 | J50: =K50*(0.6+0.4*3/5) | K50: 5.1 | L50: =IFERROR(1-(EXP(GAMMALN(0+'Read me'!$B$6)-GAMMALN('Read me'!$B$6)-GAMMALN(0+1)+'Read me'!$B$6*LN('Read me'!$B$6/('Read me'!$B$6+K50))+0*LN(K50/('Read me'!$B$6+K50)))+EXP(GAMMALN(1+'Read me'!$B$6)-GAMMALN('Read me'!$B$6)-GAMMALN(1+1)+'Read me'!$B$6*LN('Read me'!$B$6/('Read me'!$B$6+K50))+1*LN(K50/('Read me'!$B$6+K50)))+EXP(GAMMALN(2+'Read me'!$B$6)-GAMMALN('Read me'!$B$6)-GAMMALN(2+1)+'Read me'!$B$6*LN('Read me'!$B$6/('Read me'!$B$6+K50))+2*LN(K50/('Read me'!$B$6+K50)))+EXP(GAMMALN(3+'Read me'!$B$6)-GAMMALN('Read me'!$B$6)-GAMMALN(3+1)+'Read me'!$B$6*LN('Read me'!$B$6/('Read me'!$B$6+K50))+3*LN(K50/('Read me'!$B$6+K50)))),"") | M50: 0 | N50: =IFERROR(1/L50,"") | P50: =IF(O50="","",O50*L50-1) | Q50: =IF(P50="","awaiting price",IF(P50>='Read me'!$B$7,"BET",IF(P50>=0,"thin","no bet")))
A51: 46298 | B51: Netherlands Eerste Divisie | C51: Almere City FC v FC Volendam | D51: Almere City FC | E51: Home | F51: 5+ team corners | G51: 5 | H51: 6 | I51: 2/5 | J51: =K51*(0.6+0.4*2/5) | K51: 5.63 | L51: =IFERROR(1-(EXP(GAMMALN(0+'Read me'!$B$6)-GAMMALN('Read me'!$B$6)-GAMMALN(0+1)+'Read me'!$B$6*LN('Read me'!$B$6/('Read me'!$B$6+K51))+0*LN(K51/('Read me'!$B$6+K51)))+EXP(GAMMALN(1+'Read me'!$B$6)-GAMMALN('Read me'!$B$6)-GAMMALN(1+1)+'Read me'!$B$6*LN('Read me'!$B$6/('Read me'!$B$6+K51))+1*LN(K51/('Read me'!$B$6+K51)))+EXP(GAMMALN(2+'Read me'!$B$6)-GAMMALN('Read me'!$B$6)-GAMMALN(2+1)+'Read me'!$B$6*LN('Read me'!$B$6/('Read me'!$B$6+K51))+2*LN(K51/('Read me'!$B$6+K51)))+EXP(GAMMALN(3+'Read me'!$B$6)-GAMMALN('Read me'!$B$6)-GAMMALN(3+1)+'Read me'!$B$6*LN('Read me'!$B$6/('Read me'!$B$6+K51))+3*LN(K51/('Read me'!$B$6+K51)))+EXP(GAMMALN(4+'Read me'!$B$6)-GAMMALN('Read me'!$B$6)-GAMMALN(4+1)+'Read me'!$B$6*LN('Read me'!$B$6/('Read me'!$B$6+K51))+4*LN(K51/('Read me'!$B$6+K51)))),"") | M51: 0 | N51: =IFERROR(1/L51,"") | P51: =IF(O51="","",O51*L51-1) | Q51: =IF(P51="","awaiting price",IF(P51>='Read me'!$B$7,"BET",IF(P51>=0,"thin","no bet")))
A52: 46298 | B52: Brazil Série A | C52: Atletico-MG v RB Bragantino | D52: RB Bragantino | E52: Away | F52: 3+ team corners | G52: 4.3 | H52: 4.22 | I52: 5/5 | J52: =K52*(0.6+0.4*5/5) | K52: 4.25 | L52: =IFERROR(1-(EXP(GAMMALN(0+'Read me'!$B$6)-GAMMALN('Read me'!$B$6)-GAMMALN(0+1)+'Read me'!$B$6*LN('Read me'!$B$6/('Read me'!$B$6+K52))+0*LN(K52/('Read me'!$B$6+K52)))+EXP(GAMMALN(1+'Read me'!$B$6)-GAMMALN('Read me'!$B$6)-GAMMALN(1+1)+'Read me'!$B$6*LN('Read me'!$B$6/('Read me'!$B$6+K52))+1*LN(K52/('Read me'!$B$6+K52)))+EXP(GAMMALN(2+'Read me'!$B$6)-GAMMALN('Read me'!$B$6)-GAMMALN(2+1)+'Read me'!$B$6*LN('Read me'!$B$6/('Read me'!$B$6+K52))+2*LN(K52/('Read me'!$B$6+K52)))),"") | M52: 0 | N52: =IFERROR(1/L52,"") | P52: =IF(O52="","",O52*L52-1) | Q52: =IF(P52="","awaiting price",IF(P52>='Read me'!$B$7,"BET",IF(P52>=0,"thin","no bet")))
A53: 46300 | B53: Argentina Liga Profesional | C53: Deportivo Riestra v Central Cordoba de Santiago | D53: Central Cordoba de Santiago | E53: Away | F53: 3+ team corners | G53: 4.5 | H53: 4.12 | I53: 5/5 | J53: =K53*(0.6+0.4*5/5) | K53: 4.19 | L53: =IFERROR(1-(EXP(GAMMALN(0+'Read me'!$B$6)-GAMMALN('Read me'!$B$6)-GAMMALN(0+1)+'Read me'!$B$6*LN('Read me'!$B$6/('Read me'!$B$6+K53))+0*LN(K53/('Read me'!$B$6+K53)))+EXP(GAMMALN(1+'Read me'!$B$6)-GAMMALN('Read me'!$B$6)-GAMMALN(1+1)+'Read me'!$B$6*LN('Read me'!$B$6/('Read me'!$B$6+K53))+1*LN(K53/('Read me'!$B$6+K53)))+EXP(GAMMALN(2+'Read me'!$B$6)-GAMMALN('Read me'!$B$6)-GAMMALN(2+1)+'Read me'!$B$6*LN('Read me'!$B$6/('Read me'!$B$6+K53))+2*LN(K53/('Read me'!$B$6+K53)))),"") | M53: 0 | N53: =IFERROR(1/L53,"") | P53: =IF(O53="","",O53*L53-1) | Q53: =IF(P53="","awaiting price",IF(P53>='Read me'!$B$7,"BET",IF(P53>=0,"thin","no bet")))
A54: 46298 | B54: Netherlands Eerste Divisie | C54: FC OSS v MVV | D54: MVV | E54: Away | F54: 3+ team corners | G54: 2.44 | H54: 6.22 | I54: 5/5 | J54: =K54*(0.6+0.4*5/5) | K54: 4.19 | L54: =IFERROR(1-(EXP(GAMMALN(0+'Read me'!$B$6)-GAMMALN('Read me'!$B$6)-GAMMALN(0+1)+'Read me'!$B$6*LN('Read me'!$B$6/('Read me'!$B$6+K54))+0*LN(K54/('Read me'!$B$6+K54)))+EXP(GAMMALN(1+'Read me'!$B$6)-GAMMALN('Read me'!$B$6)-GAMMALN(1+1)+'Read me'!$B$6*LN('Read me'!$B$6/('Read me'!$B$6+K54))+1*LN(K54/('Read me'!$B$6+K54)))+EXP(GAMMALN(2+'Read me'!$B$6)-GAMMALN('Read me'!$B$6)-GAMMALN(2+1)+'Read me'!$B$6*LN('Read me'!$B$6/('Read me'!$B$6+K54))+2*LN(K54/('Read me'!$B$6+K54)))),"") | M54: 0 | N54: =IFERROR(1/L54,"") | P54: =IF(O54="","",O54*L54-1) | Q54: =IF(P54="","awaiting price",IF(P54>='Read me'!$B$7,"BET",IF(P54>=0,"thin","no bet")))
A55: 46298 | B55: Brazil Série B | C55: Fortaleza EC v Nautico Recife | D55: Fortaleza EC | E55: Home | F55: 5+ team corners | G55: 7 | H55: 4.7 | I55: 1/5 | J55: =K55*(0.6+0.4*1/5) | K55: 6.16 | L55: =IFERROR(1-(EXP(GAMMALN(0+'Read me'!$B$6)-GAMMALN('Read me'!$B$6)-GAMMALN(0+1)+'Read me'!$B$6*LN('Read me'!$B$6/('Read me'!$B$6+K55))+0*LN(K55/('Read me'!$B$6+K55)))+EXP(GAMMALN(1+'Read me'!$B$6)-GAMMALN('Read me'!$B$6)-GAMMALN(1+1)+'Read me'!$B$6*LN('Read me'!$B$6/('Read me'!$B$6+K55))+1*LN(K55/('Read me'!$B$6+K55)))+EXP(GAMMALN(2+'Read me'!$B$6)-GAMMALN('Read me'!$B$6)-GAMMALN(2+1)+'Read me'!$B$6*LN('Read me'!$B$6/('Read me'!$B$6+K55))+2*LN(K55/('Read me'!$B$6+K55)))+EXP(GAMMALN(3+'Read me'!$B$6)-GAMMALN('Read me'!$B$6)-GAMMALN(3+1)+'Read me'!$B$6*LN('Read me'!$B$6/('Read me'!$B$6+K55))+3*LN(K55/('Read me'!$B$6+K55)))+EXP(GAMMALN(4+'Read me'!$B$6)-GAMMALN('Read me'!$B$6)-GAMMALN(4+1)+'Read me'!$B$6*LN('Read me'!$B$6/('Read me'!$B$6+K55))+4*LN(K55/('Read me'!$B$6+K55)))),"") | M55: 0 | N55: =IFERROR(1/L55,"") | P55: =IF(O55="","",O55*L55-1) | Q55: =IF(P55="","awaiting price",IF(P55>='Read me'!$B$7,"BET",IF(P55>=0,"thin","no bet")))
A56: 46301 | B56: Brazil Série B | C56: Goias v Athletic Club | D56: Athletic Club | E56: Away | F56: 3+ team corners | G56: 3.4 | H56: 5.2 | I56: 5/5 | J56: =K56*(0.6+0.4*5/5) | K56: 4.18 | L56: =IFERROR(1-(EXP(GAMMALN(0+'Read me'!$B$6)-GAMMALN('Read me'!$B$6)-GAMMALN(0+1)+'Read me'!$B$6*LN('Read me'!$B$6/('Read me'!$B$6+K56))+0*LN(K56/('Read me'!$B$6+K56)))+EXP(GAMMALN(1+'Read me'!$B$6)-GAMMALN('Read me'!$B$6)-GAMMALN(1+1)+'Read me'!$B$6*LN('Read me'!$B$6/('Read me'!$B$6+K56))+1*LN(K56/('Read me'!$B$6+K56)))+EXP(GAMMALN(2+'Read me'!$B$6)-GAMMALN('Read me'!$B$6)-GAMMALN(2+1)+'Read me'!$B$6*LN('Read me'!$B$6/('Read me'!$B$6+K56))+2*LN(K56/('Read me'!$B$6+K56)))),"") | M56: 0 | N56: =IFERROR(1/L56,"") | P56: =IF(O56="","",O56*L56-1) | Q56: =IF(P56="","awaiting price",IF(P56>='Read me'!$B$7,"BET",IF(P56>=0,"thin","no bet")))
A57: 46298 | B57: England League One | C57: Burton Albion v Huddersfield | D57: Burton Albion | E57: Home | F57: 4+ team corners | G57: 4.9 | H57: 4.2 | I57: 4/5 | J57: =K57*(0.6+0.4*4/5) | K57: 4.52 | L57: =IFERROR(1-(EXP(GAMMALN(0+'Read me'!$B$6)-GAMMALN('Read me'!$B$6)-GAMMALN(0+1)+'Read me'!$B$6*LN('Read me'!$B$6/('Read me'!$B$6+K57))+0*LN(K57/('Read me'!$B$6+K57)))+EXP(GAMMALN(1+'Read me'!$B$6)-GAMMALN('Read me'!$B$6)-GAMMALN(1+1)+'Read me'!$B$6*LN('Read me'!$B$6/('Read me'!$B$6+K57))+1*LN(K57/('Read me'!$B$6+K57)))+EXP(GAMMALN(2+'Read me'!$B$6)-GAMMALN('Read me'!$B$6)-GAMMALN(2+1)+'Read me'!$B$6*LN('Read me'!$B$6/('Read me'!$B$6+K57))+2*LN(K57/('Read me'!$B$6+K57)))+EXP(GAMMALN(3+'Read me'!$B$6)-GAMMALN('Read me'!$B$6)-GAMMALN(3+1)+'Read me'!$B$6*LN('Read me'!$B$6/('Read me'!$B$6+K57))+3*LN(K57/('Read me'!$B$6+K57)))),"") | M57: 0 | N57: =IFERROR(1/L57,"") | P57: =IF(O57="","",O57*L57-1) | Q57: =IF(P57="","awaiting price",IF(P57>='Read me'!$B$7,"BET",IF(P57>=0,"thin","no bet")))
A58: 46298 | B58: England League One | C58: Leyton Orient v Plymouth | D58: Leyton Orient | E58: Home | F58: 4+ team corners | G58: 5.6 | H58: 4.4 | I58: 3/5 | J58: =K58*(0.6+0.4*3/5) | K58: 4.95 | L58: =IFERROR(1-(EXP(GAMMALN(0+'Read me'!$B$6)-GAMMALN('Read me'!$B$6)-GAMMALN(0+1)+'Read me'!$B$6*LN('Read me'!$B$6/('Read me'!$B$6+K58))+0*LN(K58/('Read me'!$B$6+K58)))+EXP(GAMMALN(1+'Read me'!$B$6)-GAMMALN('Read me'!$B$6)-GAMMALN(1+1)+'Read me'!$B$6*LN('Read me'!$B$6/('Read me'!$B$6+K58))+1*LN(K58/('Read me'!$B$6+K58)))+EXP(GAMMALN(2+'Read me'!$B$6)-GAMMALN('Read me'!$B$6)-GAMMALN(2+1)+'Read me'!$B$6*LN('Read me'!$B$6/('Read me'!$B$6+K58))+2*LN(K58/('Read me'!$B$6+K58)))+EXP(GAMMALN(3+'Read me'!$B$6)-GAMMALN('Read me'!$B$6)-GAMMALN(3+1)+'Read me'!$B$6*LN('Read me'!$B$6/('Read me'!$B$6+K58))+3*LN(K58/('Read me'!$B$6+K58)))),"") | M58: 0 | N58: =IFERROR(1/L58,"") | P58: =IF(O58="","",O58*L58-1) | Q58: =IF(P58="","awaiting price",IF(P58>='Read me'!$B$7,"BET",IF(P58>=0,"thin","no bet")))
A59: 46298 | B59: Netherlands Eerste Divisie | C59: Den Bosch v Dordrecht | D59: Dordrecht | E59: Away | F59: 4+ team corners | G59: 4.89 | H59: 4.9 | I59: 3/5 | J59: =K59*(0.6+0.4*3/5) | K59: 4.94 | L59: =IFERROR(1-(EXP(GAMMALN(0+'Read me'!$B$6)-GAMMALN('Read me'!$B$6)-GAMMALN(0+1)+'Read me'!$B$6*LN('Read me'!$B$6/('Read me'!$B$6+K59))+0*LN(K59/('Read me'!$B$6+K59)))+EXP(GAMMALN(1+'Read me'!$B$6)-GAMMALN('Read me'!$B$6)-GAMMALN(1+1)+'Read me'!$B$6*LN('Read me'!$B$6/('Read me'!$B$6+K59))+1*LN(K59/('Read me'!$B$6+K59)))+EXP(GAMMALN(2+'Read me'!$B$6)-GAMMALN('Read me'!$B$6)-GAMMALN(2+1)+'Read me'!$B$6*LN('Read me'!$B$6/('Read me'!$B$6+K59))+2*LN(K59/('Read me'!$B$6+K59)))+EXP(GAMMALN(3+'Read me'!$B$6)-GAMMALN('Read me'!$B$6)-GAMMALN(3+1)+'Read me'!$B$6*LN('Read me'!$B$6/('Read me'!$B$6+K59))+3*LN(K59/('Read me'!$B$6+K59)))),"") | M59: 0 | N59: =IFERROR(1/L59,"") | P59: =IF(O59="","",O59*L59-1) | Q59: =IF(P59="","awaiting price",IF(P59>='Read me'!$B$7,"BET",IF(P59>=0,"thin","no bet")))
A60: 46298 | B60: Netherlands Eerste Divisie | C60: Vitesse v NAC Breda | D60: NAC Breda | E60: Away | F60: 3+ team corners | G60: 5.75 | H60: 2 | I60: 5/5 | J60: =K60*(0.6+0.4*5/5) | K60: 4.07 | L60: =IFERROR(1-(EXP(GAMMALN(0+'Read me'!$B$6)-GAMMALN('Read me'!$B$6)-GAMMALN(0+1)+'Read me'!$B$6*LN('Read me'!$B$6/('Read me'!$B$6+K60))+0*LN(K60/('Read me'!$B$6+K60)))+EXP(GAMMALN(1+'Read me'!$B$6)-GAMMALN('Read me'!$B$6)-GAMMALN(1+1)+'Read me'!$B$6*LN('Read me'!$B$6/('Read me'!$B$6+K60))+1*LN(K60/('Read me'!$B$6+K60)))+EXP(GAMMALN(2+'Read me'!$B$6)-GAMMALN('Read me'!$B$6)-GAMMALN(2+1)+'Read me'!$B$6*LN('Read me'!$B$6/('Read me'!$B$6+K60))+2*LN(K60/('Read me'!$B$6+K60)))),"") | M60: 0 | N60: =IFERROR(1/L60,"") | P60: =IF(O60="","",O60*L60-1) | Q60: =IF(P60="","awaiting price",IF(P60>='Read me'!$B$7,"BET",IF(P60>=0,"thin","no bet")))
A61: 46298 | B61: Argentina Liga Profesional | C61: Newells Old Boys v Lanus | D61: Newells Old Boys | E61: Home | F61: 4+ team corners | G61: 5.71 | H61: 5.12 | I61: 2/5 | J61: =K61*(0.6+0.4*2/5) | K61: 5.32 | L61: =IFERROR(1-(EXP(GAMMALN(0+'Read me'!$B$6)-GAMMALN('Read me'!$B$6)-GAMMALN(0+1)+'Read me'!$B$6*LN('Read me'!$B$6/('Read me'!$B$6+K61))+0*LN(K61/('Read me'!$B$6+K61)))+EXP(GAMMALN(1+'Read me'!$B$6)-GAMMALN('Read me'!$B$6)-GAMMALN(1+1)+'Read me'!$B$6*LN('Read me'!$B$6/('Read me'!$B$6+K61))+1*LN(K61/('Read me'!$B$6+K61)))+EXP(GAMMALN(2+'Read me'!$B$6)-GAMMALN('Read me'!$B$6)-GAMMALN(2+1)+'Read me'!$B$6*LN('Read me'!$B$6/('Read me'!$B$6+K61))+2*LN(K61/('Read me'!$B$6+K61)))+EXP(GAMMALN(3+'Read me'!$B$6)-GAMMALN('Read me'!$B$6)-GAMMALN(3+1)+'Read me'!$B$6*LN('Read me'!$B$6/('Read me'!$B$6+K61))+3*LN(K61/('Read me'!$B$6+K61)))),"") | M61: 0 | N61: =IFERROR(1/L61,"") | P61: =IF(O61="","",O61*L61-1) | Q61: =IF(P61="","awaiting price",IF(P61>='Read me'!$B$7,"BET",IF(P61>=0,"thin","no bet")))
A62: 46299 | B62: Argentina Liga Profesional | C62: Huracan v Aldosivi | D62: Huracan | E62: Home | F62: 5+ team corners | G62: 5.38 | H62: 6.12 | I62: 1/5 | J62: =K62*(0.6+0.4*1/5) | K62: 5.93 | L62: =IFERROR(1-(EXP(GAMMALN(0+'Read me'!$B$6)-GAMMALN('Read me'!$B$6)-GAMMALN(0+1)+'Read me'!$B$6*LN('Read me'!$B$6/('Read me'!$B$6+K62))+0*LN(K62/('Read me'!$B$6+K62)))+EXP(GAMMALN(1+'Read me'!$B$6)-GAMMALN('Read me'!$B$6)-GAMMALN(1+1)+'Read me'!$B$6*LN('Read me'!$B$6/('Read me'!$B$6+K62))+1*LN(K62/('Read me'!$B$6+K62)))+EXP(GAMMALN(2+'Read me'!$B$6)-GAMMALN('Read me'!$B$6)-GAMMALN(2+1)+'Read me'!$B$6*LN('Read me'!$B$6/('Read me'!$B$6+K62))+2*LN(K62/('Read me'!$B$6+K62)))+EXP(GAMMALN(3+'Read me'!$B$6)-GAMMALN('Read me'!$B$6)-GAMMALN(3+1)+'Read me'!$B$6*LN('Read me'!$B$6/('Read me'!$B$6+K62))+3*LN(K62/('Read me'!$B$6+K62)))+EXP(GAMMALN(4+'Read me'!$B$6)-GAMMALN('Read me'!$B$6)-GAMMALN(4+1)+'Read me'!$B$6*LN('Read me'!$B$6/('Read me'!$B$6+K62))+4*LN(K62/('Read me'!$B$6+K62)))),"") | M62: 0 | N62: =IFERROR(1/L62,"") | P62: =IF(O62="","",O62*L62-1) | Q62: =IF(P62="","awaiting price",IF(P62>='Read me'!$B$7,"BET",IF(P62>=0,"thin","no bet")))
A63: 46298 | B63: England League Two | C63: Gillingham v Newport County | D63: Gillingham | E63: Home | F63: 4+ team corners | G63: 4.6 | H63: 6.11 | I63: 2/5 | J63: =K63*(0.6+0.4*2/5) | K63: 5.3 | L63: =IFERROR(1-(EXP(GAMMALN(0+'Read me'!$B$6)-GAMMALN('Read me'!$B$6)-GAMMALN(0+1)+'Read me'!$B$6*LN('Read me'!$B$6/('Read me'!$B$6+K63))+0*LN(K63/('Read me'!$B$6+K63)))+EXP(GAMMALN(1+'Read me'!$B$6)-GAMMALN('Read me'!$B$6)-GAMMALN(1+1)+'Read me'!$B$6*LN('Read me'!$B$6/('Read me'!$B$6+K63))+1*LN(K63/('Read me'!$B$6+K63)))+EXP(GAMMALN(2+'Read me'!$B$6)-GAMMALN('Read me'!$B$6)-GAMMALN(2+1)+'Read me'!$B$6*LN('Read me'!$B$6/('Read me'!$B$6+K63))+2*LN(K63/('Read me'!$B$6+K63)))+EXP(GAMMALN(3+'Read me'!$B$6)-GAMMALN('Read me'!$B$6)-GAMMALN(3+1)+'Read me'!$B$6*LN('Read me'!$B$6/('Read me'!$B$6+K63))+3*LN(K63/('Read me'!$B$6+K63)))),"") | M63: 0 | N63: =IFERROR(1/L63,"") | P63: =IF(O63="","",O63*L63-1) | Q63: =IF(P63="","awaiting price",IF(P63>='Read me'!$B$7,"BET",IF(P63>=0,"thin","no bet")))
A64: 46302 | B64: Brazil Série A | C64: RB Bragantino v Mirassol | D64: Mirassol | E64: Away | F64: 3+ team corners | G64: 4.22 | H64: 3.9 | I64: 5/5 | J64: =K64*(0.6+0.4*5/5) | K64: 4.01 | L64: =IFERROR(1-(EXP(GAMMALN(0+'Read me'!$B$6)-GAMMALN('Read me'!$B$6)-GAMMALN(0+1)+'Read me'!$B$6*LN('Read me'!$B$6/('Read me'!$B$6+K64))+0*LN(K64/('Read me'!$B$6+K64)))+EXP(GAMMALN(1+'Read me'!$B$6)-GAMMALN('Read me'!$B$6)-GAMMALN(1+1)+'Read me'!$B$6*LN('Read me'!$B$6/('Read me'!$B$6+K64))+1*LN(K64/('Read me'!$B$6+K64)))+EXP(GAMMALN(2+'Read me'!$B$6)-GAMMALN('Read me'!$B$6)-GAMMALN(2+1)+'Read me'!$B$6*LN('Read me'!$B$6/('Read me'!$B$6+K64))+2*LN(K64/('Read me'!$B$6+K64)))),"") | M64: 0 | N64: =IFERROR(1/L64,"") | P64: =IF(O64="","",O64*L64-1) | Q64: =IF(P64="","awaiting price",IF(P64>='Read me'!$B$7,"BET",IF(P64>=0,"thin","no bet")))
A65: 46300 | B65: Argentina Liga Profesional | C65: Estudiantes L.P. v Gimnasia M. | D65: Estudiantes L.P. | E65: Home | F65: 4+ team corners | G65: 4.44 | H65: 4.75 | I65: 3/5 | J65: =K65*(0.6+0.4*3/5) | K65: 4.77 | L65: =IFERROR(1-(EXP(GAMMALN(0+'Read me'!$B$6)-GAMMALN('Read me'!$B$6)-GAMMALN(0+1)+'Read me'!$B$6*LN('Read me'!$B$6/('Read me'!$B$6+K65))+0*LN(K65/('Read me'!$B$6+K65)))+EXP(GAMMALN(1+'Read me'!$B$6)-GAMMALN('Read me'!$B$6)-GAMMALN(1+1)+'Read me'!$B$6*LN('Read me'!$B$6/('Read me'!$B$6+K65))+1*LN(K65/('Read me'!$B$6+K65)))+EXP(GAMMALN(2+'Read me'!$B$6)-GAMMALN('Read me'!$B$6)-GAMMALN(2+1)+'Read me'!$B$6*LN('Read me'!$B$6/('Read me'!$B$6+K65))+2*LN(K65/('Read me'!$B$6+K65)))+EXP(GAMMALN(3+'Read me'!$B$6)-GAMMALN('Read me'!$B$6)-GAMMALN(3+1)+'Read me'!$B$6*LN('Read me'!$B$6/('Read me'!$B$6+K65))+3*LN(K65/('Read me'!$B$6+K65)))),"") | M65: 0 | N65: =IFERROR(1/L65,"") | P65: =IF(O65="","",O65*L65-1) | Q65: =IF(P65="","awaiting price",IF(P65>='Read me'!$B$7,"BET",IF(P65>=0,"thin","no bet")))
A66: 46298 | B66: England League Two | C66: Walsall v Crawley Town | D66: Crawley Town | E66: Away | F66: 3+ team corners | G66: 4.44 | H66: 4.1 | I66: 4/5 | J66: =K66*(0.6+0.4*4/5) | K66: 4.34 | L66: =IFERROR(1-(EXP(GAMMALN(0+'Read me'!$B$6)-GAMMALN('Read me'!$B$6)-GAMMALN(0+1)+'Read me'!$B$6*LN('Read me'!$B$6/('Read me'!$B$6+K66))+0*LN(K66/('Read me'!$B$6+K66)))+EXP(GAMMALN(1+'Read me'!$B$6)-GAMMALN('Read me'!$B$6)-GAMMALN(1+1)+'Read me'!$B$6*LN('Read me'!$B$6/('Read me'!$B$6+K66))+1*LN(K66/('Read me'!$B$6+K66)))+EXP(GAMMALN(2+'Read me'!$B$6)-GAMMALN('Read me'!$B$6)-GAMMALN(2+1)+'Read me'!$B$6*LN('Read me'!$B$6/('Read me'!$B$6+K66))+2*LN(K66/('Read me'!$B$6+K66)))),"") | M66: 0 | N66: =IFERROR(1/L66,"") | P66: =IF(O66="","",O66*L66-1) | Q66: =IF(P66="","awaiting price",IF(P66>='Read me'!$B$7,"BET",IF(P66>=0,"thin","no bet")))
A67: 46297 | B67: Brazil Série B | C67: Juventude v Operario-PR | D67: Juventude | E67: Home | F67: 5+ team corners | G67: 4.1 | H67: 7.27 | I67: 1/5 | J67: =K67*(0.6+0.4*1/5) | K67: 5.83 | L67: =IFERROR(1-(EXP(GAMMALN(0+'Read me'!$B$6)-GAMMALN('Read me'!$B$6)-GAMMALN(0+1)+'Read me'!$B$6*LN('Read me'!$B$6/('Read me'!$B$6+K67))+0*LN(K67/('Read me'!$B$6+K67)))+EXP(GAMMALN(1+'Read me'!$B$6)-GAMMALN('Read me'!$B$6)-GAMMALN(1+1)+'Read me'!$B$6*LN('Read me'!$B$6/('Read me'!$B$6+K67))+1*LN(K67/('Read me'!$B$6+K67)))+EXP(GAMMALN(2+'Read me'!$B$6)-GAMMALN('Read me'!$B$6)-GAMMALN(2+1)+'Read me'!$B$6*LN('Read me'!$B$6/('Read me'!$B$6+K67))+2*LN(K67/('Read me'!$B$6+K67)))+EXP(GAMMALN(3+'Read me'!$B$6)-GAMMALN('Read me'!$B$6)-GAMMALN(3+1)+'Read me'!$B$6*LN('Read me'!$B$6/('Read me'!$B$6+K67))+3*LN(K67/('Read me'!$B$6+K67)))+EXP(GAMMALN(4+'Read me'!$B$6)-GAMMALN('Read me'!$B$6)-GAMMALN(4+1)+'Read me'!$B$6*LN('Read me'!$B$6/('Read me'!$B$6+K67))+4*LN(K67/('Read me'!$B$6+K67)))),"") | M67: 0 | N67: =IFERROR(1/L67,"") | P67: =IF(O67="","",O67*L67-1) | Q67: =IF(P67="","awaiting price",IF(P67>='Read me'!$B$7,"BET",IF(P67>=0,"thin","no bet")))
